idx,stud_ids
1,137
1,149
1,186
1,181
1,116
1,117
1,162
1,199
1,183
1,179
1,180
1,154
1,107
1,152
1,200
1,192
1,195
1,160
1,140
1,129
1,136
1,197
1,159
1,161
1,119
1,128
1,171
1,185
1,127
1,126
1,138
1,121
1,153
1,175
1,165
1,142
1,113
1,115
1,143
1,158
1,178
1,106
1,112
1,114
1,148
1,169
1,133
1,191
1,139
1,150
1,135
1,157
1,155
1,134
1,130
1,176
1,177
1,122
1,151
1,194
1,163
1,173
1,105
1,120
1,167
1,196
1,174
1,145
1,123
1,109
1,184
1,104
1,146
1,188
1,170
1,108
1,172
1,101
1,103
1,144
1,198
1,118
1,193
1,111
1,189
1,125
1,102
1,190
1,131
1,110
1,156
1,164
1,187
1,168
1,182
1,141
1,147
1,166
1,124
1,132
2,147
2,115
2,105
2,106
2,186
2,130
2,158
2,199
2,113
2,128
2,104
2,150
2,127
2,129
2,123
2,142
2,180
2,160
2,107
2,188
2,169
2,198
2,140
2,153
2,135
2,131
2,173
2,137
2,116
2,145
2,108
2,120
2,162
2,177
2,151
2,157
2,146
2,182
2,161
2,193
2,125
2,191
2,143
2,102
2,155
2,174
2,132
2,172
2,183
2,148
2,118
2,176
2,171
2,190
2,192
2,117
2,200
2,149
2,112
2,187
2,179
2,185
2,194
2,156
2,154
2,170
2,114
2,121
2,144
2,184
2,111
2,138
2,178
2,134
2,109
2,189
2,167
2,165
2,139
2,126
2,181
2,110
2,133
2,175
2,195
2,196
2,136
2,163
2,141
2,152
2,124
2,119
2,168
2,101
2,197
2,164
2,159
2,103
2,122
2,166
3,64
3,85
3,87
3,61
3,35
3,56
3,27
3,48
3,63
3,47
3,30
3,91
3,14
3,57
3,45
3,8
3,4
3,77
3,10
3,37
3,96
3,3
3,86
3,60
3,95
3,23
3,31
3,92
3,42
3,39
3,32
3,84
3,40
3,71
3,81
3,52
3,12
3,54
3,41
3,36
3,1
3,99
3,13
3,69
3,49
3,43
3,34
3,2
3,19
3,6
3,93
3,78
3,66
3,9
3,7
3,18
3,28
3,68
3,83
3,26
3,98
3,88
3,24
3,76
3,21
3,11
3,70
3,89
3,67
3,22
3,20
3,72
3,55
3,44
3,73
3,74
3,15
3,90
3,59
3,65
3,58
3,17
3,51
3,38
3,5
3,16
3,100
3,25
3,80
3,50
3,62
3,79
3,53
3,29
3,94
3,75
3,46
3,97
3,33
3,82
4,27
4,91
4,39
4,31
4,8
4,40
4,12
4,74
4,84
4,82
4,35
4,67
4,6
4,81
4,66
4,55
4,59
4,75
4,56
4,10
4,32
4,17
4,41
4,53
4,38
4,2
4,33
4,80
4,43
4,47
4,100
4,54
4,64
4,72
4,29
4,48
4,3
4,1
4,83
4,4
4,97
4,95
4,69
4,90
4,93
4,23
4,11
4,45
4,70
4,87
4,58
4,68
4,51
4,88
4,63
4,46
4,85
4,73
4,71
4,99
4,92
4,98
4,30
4,19
4,25
4,60
4,86
4,24
4,96
4,37
4,50
4,14
4,89
4,18
4,44
4,94
4,42
4,57
4,26
4,21
4,20
4,52
4,79
4,15
4,76
4,5
4,65
4,28
4,9
4,36
4,16
4,13
4,49
4,61
4,22
4,62
4,34
4,78
4,77
4,7
5,6
5,41
5,23
5,45
5,57
5,59
5,64
5,81
5,100
5,92
5,38
5,31
5,17
5,22
5,96
5,80
5,25
5,83
5,61
5,55
5,84
5,65
5,47
5,33
5,97
5,20
5,98
5,15
5,37
5,27
5,32
5,26
5,51
5,29
5,46
5,13
5,49
5,94
5,14
5,50
5,66
5,56
5,86
5,78
5,62
5,71
5,16
5,18
5,93
5,5
5,70
5,12
5,77
5,58
5,60
5,48
5,89
5,68
5,53
5,44
5,99
5,1
5,4
5,79
5,30
5,21
5,43
5,10
5,52
5,63
5,2
5,72
5,69
5,95
5,54
5,85
5,76
5,67
5,8
5,90
5,28
5,34
5,40
5,24
5,42
5,9
5,91
5,39
5,75
5,35
5,88
5,11
5,87
5,36
5,3
5,73
5,7
5,19
5,74
5,82
6,88
6,75
6,40
6,100
6,76
6,74
6,84
6,26
6,44
6,80
6,12
6,89
6,1
6,5
6,95
6,22
6,25
6,72
6,46
6,27
6,65
6,29
6,43
6,34
6,86
6,18
6,39
6,87
6,48
6,28
6,71
6,8
6,56
6,36
6,64
6,47
6,15
6,19
6,60
6,10
6,90
6,73
6,24
6,81
6,94
6,62
6,33
6,9
6,30
6,35
6,41
6,17
6,21
6,38
6,70
6,68
6,91
6,37
6,96
6,31
6,51
6,53
6,61
6,78
6,77
6,32
6,2
6,20
6,55
6,92
6,82
6,14
6,57
6,63
6,54
6,83
6,52
6,69
6,49
6,98
6,58
6,23
6,7
6,13
6,85
6,3
6,16
6,93
6,99
6,97
6,50
6,11
6,4
6,66
6,6
6,42
6,59
6,45
6,67
6,79
7,92
7,40
7,61
7,88
7,1
7,66
7,86
7,26
7,71
7,11
7,31
7,52
7,60
7,75
7,48
7,23
7,32
7,62
7,74
7,17
7,44
7,16
7,77
7,70
7,50
7,25
7,18
7,36
7,28
7,73
7,20
7,37
7,82
7,100
7,24
7,8
7,39
7,47
7,6
7,9
7,85
7,68
7,54
7,79
7,15
7,83
7,12
7,78
7,42
7,90
7,93
7,57
7,64
7,22
7,97
7,38
7,35
7,98
7,53
7,65
7,94
7,13
7,80
7,91
7,67
7,51
7,49
7,34
7,72
7,29
7,59
7,76
7,10
7,7
7,27
7,41
7,21
7,46
7,45
7,81
7,30
7,14
7,5
7,63
7,99
7,4
7,33
7,95
7,58
7,89
7,84
7,96
7,56
7,2
7,69
7,3
7,87
7,19
7,55
7,43
8,31
8,42
8,29
8,27
8,67
8,32
8,21
8,95
8,88
8,37
8,3
8,74
8,25
8,9
8,78
8,50
8,57
8,53
8,96
8,76
8,81
8,86
8,55
8,17
8,34
8,39
8,41
8,4
8,30
8,92
8,43
8,44
8,2
8,82
8,66
8,13
8,99
8,52
8,22
8,80
8,98
8,14
8,1
8,89
8,20
8,54
8,68
8,45
8,60
8,26
8,61
8,51
8,5
8,36
8,56
8,85
8,16
8,100
8,93
8,62
8,19
8,35
8,12
8,63
8,79
8,64
8,49
8,33
8,18
8,72
8,97
8,10
8,28
8,90
8,8
8,7
8,69
8,38
8,11
8,15
8,91
8,75
8,58
8,70
8,73
8,23
8,65
8,77
8,47
8,71
8,40
8,84
8,46
8,83
8,24
8,87
8,6
8,94
8,59
8,48
9,3
9,59
9,12
9,28
9,11
9,2
9,60
9,83
9,97
9,13
9,63
9,70
9,72
9,96
9,54
9,31
9,90
9,73
9,55
9,100
9,17
9,93
9,76
9,43
9,23
9,24
9,21
9,74
9,25
9,57
9,64
9,38
9,92
9,22
9,50
9,49
9,86
9,27
9,39
9,7
9,26
9,15
9,10
9,4
9,41
9,9
9,30
9,33
9,14
9,48
9,42
9,94
9,20
9,8
9,98
9,6
9,46
9,91
9,61
9,87
9,67
9,75
9,53
9,89
9,81
9,99
9,35
9,62
9,95
9,68
9,85
9,65
9,1
9,18
9,69
9,77
9,88
9,51
9,44
9,32
9,71
9,84
9,52
9,58
9,78
9,82
9,79
9,56
9,36
9,34
9,37
9,45
9,40
9,5
9,16
9,47
9,80
9,19
9,66
9,29
10,20
10,52
10,40
10,75
10,90
10,34
10,1
10,35
10,97
10,12
10,32
10,9
10,70
10,81
10,21
10,39
10,83
10,54
10,45
10,91
10,100
10,31
10,36
10,42
10,59
10,62
10,6
10,61
10,73
10,47
10,25
10,96
10,76
10,58
10,29
10,85
10,3
10,27
10,63
10,57
10,19
10,18
10,33
10,43
10,2
10,68
10,15
10,41
10,88
10,99
10,8
10,22
10,71
10,98
10,92
10,37
10,30
10,87
10,82
10,77
10,86
10,14
10,74
10,10
10,24
10,78
10,66
10,93
10,23
10,49
10,44
10,65
10,60
10,46
10,72
10,48
10,89
10,64
10,7
10,4
10,67
10,80
10,13
10,17
10,69
10,94
10,26
10,55
10,50
10,53
10,95
10,16
10,28
10,51
10,5
10,38
10,56
10,84
10,79
10,11
11,72
11,74
11,78
11,40
11,49
11,63
11,76
11,96
11,39
11,22
11,99
11,69
11,54
11,11
11,8
11,1
11,35
11,73
11,94
11,87
11,86
11,75
11,79
11,64
11,88
11,70
11,26
11,85
11,50
11,97
11,16
11,80
11,93
11,10
11,25
11,17
11,32
11,34
11,28
11,56
11,66
11,48
11,95
11,58
11,100
11,47
11,55
11,13
11,15
11,92
11,2
11,81
11,14
11,65
11,67
11,5
11,57
11,30
11,43
11,31
11,9
11,71
11,18
11,29
11,84
11,21
11,44
11,19
11,27
11,89
11,83
11,77
11,60
11,41
11,33
11,82
11,68
11,91
11,23
11,36
11,6
11,59
11,38
11,42
11,4
11,45
11,61
11,46
11,62
11,24
11,3
11,7
11,12
11,52
11,51
11,98
11,53
11,20
11,37
11,90
12,4
12,11
12,54
12,22
12,48
12,33
12,42
12,89
12,41
12,10
12,81
12,93
12,6
12,13
12,2
12,80
12,37
12,40
12,30
12,23
12,73
12,7
12,51
12,62
12,84
12,59
12,27
12,43
12,53
12,91
12,49
12,98
12,44
12,71
12,88
12,14
12,76
12,46
12,17
12,55
12,99
12,90
12,18
12,19
12,61
12,25
12,5
12,58
12,92
12,74
12,39
12,9
12,69
12,79
12,21
12,87
12,64
12,8
12,65
12,28
12,97
12,96
12,82
12,85
12,56
12,75
12,77
12,52
12,68
12,35
12,72
12,26
12,38
12,47
12,1
12,29
12,3
12,45
12,15
12,57
12,32
12,60
12,24
12,66
12,94
12,36
12,31
12,100
12,83
12,20
12,78
12,95
12,16
12,50
12,34
12,86
12,70
12,67
12,63
12,12
13,98
13,14
13,57
13,61
13,100
13,51
13,39
13,31
13,23
13,2
13,46
13,24
13,25
13,83
13,45
13,52
13,16
13,54
13,89
13,10
13,95
13,78
13,6
13,90
13,87
13,84
13,67
13,13
13,99
13,38
13,50
13,74
13,22
13,7
13,21
13,75
13,29
13,37
13,62
13,3
13,1
13,36
13,34
13,19
13,30
13,12
13,79
13,40
13,47
13,17
13,49
13,73
13,8
13,69
13,44
13,96
13,56
13,60
13,71
13,65
13,55
13,94
13,27
13,80
13,97
13,64
13,42
13,68
13,76
13,15
13,72
13,43
13,91
13,9
13,53
13,41
13,93
13,11
13,86
13,59
13,63
13,77
13,70
13,88
13,58
13,48
13,4
13,28
13,82
13,32
13,35
13,66
13,20
13,26
13,18
13,33
13,5
13,85
13,92
13,81
14,111
14,173
14,141
14,185
14,197
14,165
14,187
14,115
14,129
14,186
14,161
14,159
14,145
14,190
14,143
14,110
14,184
14,166
14,167
14,144
14,148
14,171
14,194
14,182
14,109
14,117
14,181
14,192
14,131
14,196
14,121
14,177
14,149
14,113
14,174
14,133
14,138
14,140
14,172
14,151
14,101
14,125
14,119
14,123
14,128
14,105
14,155
14,120
14,124
14,136
14,169
14,199
14,137
14,175
14,147
14,153
14,162
14,191
14,116
14,126
14,156
14,150
14,135
14,183
14,157
14,154
14,160
14,142
14,107
14,178
14,130
14,122
14,198
14,170
14,179
14,200
14,180
14,127
14,188
14,158
14,106
14,112
14,134
14,139
14,108
14,195
14,193
14,163
14,114
14,104
14,132
14,176
14,168
14,146
14,152
14,103
14,102
14,189
14,118
14,164
15,159
15,105
15,181
15,104
15,152
15,178
15,133
15,112
15,200
15,136
15,155
15,194
15,117
15,165
15,130
15,180
15,107
15,168
15,109
15,123
15,167
15,166
15,110
15,141
15,186
15,184
15,151
15,146
15,198
15,113
15,128
15,119
15,176
15,138
15,157
15,135
15,127
15,172
15,189
15,121
15,182
15,153
15,149
15,156
15,103
15,160
15,122
15,143
15,114
15,190
15,185
15,183
15,131
15,173
15,191
15,164
15,118
15,175
15,140
15,101
15,115
15,120
15,129
15,174
15,124
15,116
15,179
15,199
15,137
15,148
15,145
15,106
15,139
15,170
15,163
15,192
15,187
15,134
15,171
15,162
15,196
15,144
15,188
15,132
15,154
15,142
15,169
15,158
15,147
15,108
15,197
15,195
15,193
15,102
15,111
15,150
15,161
15,125
15,126
15,177
16,74
16,5
16,62
16,9
16,97
16,20
16,91
16,90
16,4
16,84
16,80
16,32
16,34
16,94
16,53
16,71
16,76
16,45
16,44
16,66
16,6
16,86
16,21
16,73
16,50
16,3
16,31
16,39
16,2
16,95
16,64
16,52
16,10
16,100
16,75
16,29
16,83
16,12
16,16
16,54
16,11
16,59
16,35
16,85
16,68
16,19
16,46
16,65
16,57
16,40
16,43
16,25
16,17
16,93
16,81
16,7
16,8
16,1
16,63
16,14
16,55
16,47
16,78
16,13
16,79
16,23
16,60
16,69
16,98
16,36
16,58
16,99
16,49
16,56
16,38
16,18
16,61
16,92
16,41
16,37
16,30
16,24
16,96
16,67
16,15
16,77
16,48
16,27
16,89
16,22
16,42
16,87
16,28
16,70
16,51
16,82
16,88
16,33
16,72
16,26
17,150
17,157
17,136
17,184
17,142
17,167
17,114
17,133
17,134
17,179
17,119
17,197
17,170
17,155
17,116
17,107
17,164
17,172
17,111
17,147
17,113
17,185
17,109
17,178
17,195
17,121
17,141
17,129
17,151
17,152
17,127
17,187
17,169
17,117
17,181
17,186
17,106
17,198
17,161
17,199
17,180
17,175
17,135
17,130
17,160
17,132
17,139
17,159
17,123
17,112
17,144
17,105
17,165
17,200
17,171
17,140
17,146
17,108
17,104
17,168
17,118
17,189
17,158
17,163
17,126
17,124
17,122
17,192
17,128
17,162
17,110
17,102
17,138
17,182
17,173
17,196
17,137
17,193
17,148
17,131
17,194
17,177
17,101
17,154
17,176
17,190
17,125
17,188
17,174
17,166
17,115
17,145
17,120
17,143
17,103
17,183
17,153
17,191
17,149
17,156
18,146
18,136
18,150
18,139
18,194
18,177
18,189
18,175
18,151
18,107
18,170
18,117
18,123
18,122
18,164
18,176
18,182
18,197
18,102
18,106
18,161
18,148
18,134
18,178
18,163
18,112
18,187
18,142
18,185
18,183
18,149
18,126
18,101
18,160
18,104
18,190
18,153
18,128
18,180
18,141
18,165
18,188
18,184
18,119
18,105
18,133
18,132
18,174
18,169
18,191
18,124
18,186
18,114
18,179
18,108
18,109
18,158
18,127
18,143
18,157
18,168
18,152
18,118
18,172
18,125
18,140
18,111
18,110
18,167
18,200
18,196
18,115
18,181
18,137
18,155
18,147
18,166
18,116
18,193
18,131
18,120
18,130
18,121
18,129
18,171
18,173
18,103
18,199
18,198
18,159
18,113
18,145
18,156
18,154
18,138
18,195
18,135
18,144
18,162
18,192
19,148
19,195
19,166
19,163
19,181
19,138
19,191
19,110
19,183
19,184
19,199
19,128
19,108
19,194
19,143
19,198
19,146
19,102
19,187
19,186
19,155
19,115
19,169
19,126
19,168
19,153
19,109
19,177
19,140
19,112
19,189
19,134
19,103
19,180
19,136
19,120
19,145
19,106
19,133
19,141
19,174
19,156
19,162
19,107
19,178
19,124
19,137
19,196
19,114
19,159
19,161
19,188
19,176
19,105
19,101
19,125
19,132
19,149
19,173
19,190
19,164
19,135
19,113
19,127
19,182
19,171
19,123
19,142
19,144
19,165
19,185
19,104
19,111
19,170
19,192
19,200
19,151
19,119
19,179
19,157
19,175
19,160
19,116
19,167
19,193
19,172
19,118
19,147
19,154
19,131
19,158
19,150
19,130
19,117
19,197
19,122
19,129
19,139
19,152
19,121
20,71
20,99
20,86
20,53
20,12
20,6
20,13
20,41
20,92
20,14
20,69
20,98
20,90
20,91
20,83
20,1
20,88
20,78
20,80
20,47
20,27
20,57
20,75
20,68
20,31
20,21
20,59
20,48
20,29
20,73
20,33
20,96
20,4
20,61
20,65
20,51
20,89
20,34
20,19
20,70
20,76
20,18
20,32
20,85
20,5
20,15
20,95
20,30
20,23
20,36
20,3
20,66
20,60
20,55
20,62
20,74
20,77
20,35
20,2
20,79
20,82
20,45
20,16
20,38
20,49
20,72
20,17
20,26
20,42
20,43
20,97
20,40
20,100
20,9
20,54
20,50
20,28
20,84
20,93
20,52
20,11
20,64
20,94
20,37
20,25
20,8
20,39
20,22
20,81
20,63
20,58
20,87
20,46
20,56
20,67
20,20
20,44
20,10
20,7
20,24
21,115
21,104
21,196
21,124
21,199
21,141
21,140
21,112
21,118
21,110
21,170
21,111
21,147
21,160
21,157
21,175
21,188
21,197
21,151
21,187
21,129
21,122
21,144
21,195
21,120
21,103
21,154
21,133
21,106
21,136
21,128
21,143
21,191
21,119
21,132
21,101
21,109
21,198
21,123
21,126
21,169
21,165
21,172
21,192
21,181
21,158
21,152
21,153
21,117
21,146
21,190
21,135
21,134
21,150
21,194
21,161
21,180
21,121
21,127
21,131
21,148
21,168
21,164
21,166
21,139
21,179
21,162
21,105
21,173
21,189
21,182
21,193
21,108
21,113
21,107
21,102
21,186
21,155
21,125
21,183
21,167
21,130
21,200
21,163
21,176
21,159
21,171
21,138
21,116
21,137
21,156
21,142
21,185
21,184
21,177
21,178
21,145
21,149
21,174
21,114
22,108
22,127
22,133
22,123
22,141
22,116
22,190
22,173
22,132
22,113
22,107
22,120
22,164
22,140
22,103
22,175
22,135
22,139
22,189
22,187
22,178
22,105
22,142
22,104
22,118
22,137
22,161
22,149
22,124
22,154
22,192
22,130
22,172
22,163
22,143
22,197
22,111
22,145
22,125
22,121
22,138
22,182
22,115
22,166
22,148
22,198
22,117
22,181
22,169
22,134
22,179
22,101
22,119
22,147
22,153
22,110
22,144
22,146
22,188
22,136
22,194
22,171
22,152
22,195
22,156
22,184
22,174
22,180
22,186
22,191
22,165
22,183
22,199
22,177
22,102
22,157
22,122
22,158
22,200
22,112
22,185
22,170
22,151
22,128
22,176
22,193
22,196
22,106
22,159
22,155
22,114
22,162
22,131
22,167
22,129
22,168
22,126
22,109
22,160
22,150
23,78
23,74
23,82
23,57
23,93
23,75
23,98
23,42
23,23
23,81
23,34
23,38
23,60
23,32
23,99
23,7
23,54
23,41
23,85
23,30
23,4
23,71
23,25
23,2
23,17
23,84
23,52
23,89
23,76
23,27
23,53
23,12
23,96
23,9
23,73
23,55
23,86
23,65
23,6
23,28
23,43
23,83
23,51
23,35
23,22
23,91
23,97
23,5
23,90
23,10
23,95
23,44
23,31
23,14
23,79
23,3
23,39
23,46
23,68
23,15
23,19
23,67
23,70
23,49
23,37
23,36
23,11
23,64
23,100
23,29
23,87
23,13
23,69
23,92
23,20
23,94
23,63
23,58
23,1
23,26
23,47
23,50
23,21
23,24
23,62
23,16
23,61
23,77
23,48
23,33
23,18
23,80
23,66
23,72
23,45
23,88
23,40
23,8
23,59
23,56
24,147
24,170
24,142
24,161
24,109
24,181
24,111
24,184
24,134
24,193
24,167
24,153
24,126
24,186
24,187
24,198
24,115
24,116
24,150
24,103
24,156
24,140
24,180
24,154
24,128
24,131
24,155
24,158
24,179
24,173
24,189
24,119
24,127
24,172
24,120
24,106
24,139
24,122
24,143
24,178
24,110
24,144
24,125
24,183
24,177
24,129
24,166
24,117
24,159
24,141
24,124
24,199
24,152
24,182
24,108
24,164
24,105
24,194
24,102
24,104
24,113
24,137
24,132
24,121
24,196
24,192
24,163
24,174
24,169
24,112
24,107
24,149
24,190
24,114
24,176
24,123
24,162
24,146
24,168
24,160
24,200
24,165
24,197
24,118
24,138
24,151
24,130
24,101
24,188
24,171
24,185
24,136
24,135
24,191
24,157
24,145
24,175
24,148
24,133
24,195
25,19
25,90
25,67
25,56
25,40
25,34
25,62
25,73
25,68
25,83
25,37
25,60
25,53
25,80
25,99
25,20
25,72
25,45
25,97
25,46
25,91
25,17
25,27
25,14
25,57
25,42
25,16
25,58
25,1
25,21
25,64
25,47
25,33
25,41
25,77
25,26
25,15
25,54
25,93
25,88
25,94
25,89
25,5
25,29
25,8
25,30
25,96
25,52
25,59
25,24
25,65
25,100
25,85
25,71
25,63
25,66
25,32
25,55
25,84
25,28
25,36
25,49
25,7
25,4
25,35
25,9
25,2
25,18
25,70
25,74
25,10
25,86
25,3
25,61
25,98
25,23
25,13
25,92
25,12
25,50
25,51
25,6
25,82
25,25
25,22
25,78
25,95
25,75
25,76
25,44
25,43
25,11
25,87
25,81
25,39
25,38
25,69
25,79
25,48
25,31
26,94
26,98
26,68
26,36
26,88
26,17
26,9
26,95
26,72
26,91
26,81
26,16
26,71
26,48
26,25
26,30
26,70
26,82
26,66
26,20
26,56
26,46
26,93
26,78
26,84
26,10
26,77
26,90
26,57
26,73
26,23
26,100
26,83
26,47
26,74
26,86
26,87
26,44
26,21
26,13
26,11
26,76
26,75
26,31
26,15
26,63
26,24
26,3
26,69
26,59
26,99
26,8
26,5
26,67
26,34
26,89
26,58
26,33
26,6
26,62
26,35
26,85
26,43
26,61
26,14
26,39
26,4
26,40
26,1
26,2
26,22
26,53
26,60
26,37
26,18
26,96
26,80
26,26
26,32
26,42
26,45
26,7
26,97
26,79
26,52
26,65
26,27
26,55
26,50
26,19
26,41
26,92
26,49
26,28
26,29
26,12
26,64
26,51
26,38
26,54
27,129
27,113
27,103
27,126
27,156
27,142
27,114
27,148
27,196
27,183
27,165
27,155
27,181
27,189
27,101
27,186
27,154
27,139
27,185
27,134
27,119
27,111
27,145
27,167
27,106
27,168
27,128
27,163
27,120
27,107
27,121
27,104
27,192
27,194
27,136
27,135
27,138
27,157
27,182
27,199
27,115
27,147
27,151
27,112
27,131
27,130
27,123
27,124
27,153
27,190
27,188
27,140
27,110
27,200
27,146
27,191
27,161
27,160
27,187
27,193
27,102
27,184
27,117
27,118
27,149
27,198
27,150
27,174
27,176
27,137
27,105
27,171
27,132
27,141
27,173
27,133
27,122
27,197
27,179
27,162
27,144
27,158
27,180
27,159
27,166
27,164
27,116
27,152
27,172
27,170
27,127
27,143
27,109
27,177
27,195
27,178
27,175
27,108
27,125
27,169
28,150
28,126
28,149
28,174
28,173
28,106
28,178
28,192
28,169
28,141
28,136
28,130
28,120
28,102
28,142
28,154
28,121
28,109
28,129
28,151
28,128
28,163
28,160
28,167
28,152
28,125
28,189
28,188
28,134
28,158
28,161
28,193
28,180
28,196
28,108
28,123
28,164
28,118
28,114
28,147
28,162
28,194
28,171
28,143
28,182
28,117
28,146
28,153
28,186
28,156
28,111
28,101
28,183
28,198
28,124
28,144
28,127
28,145
28,168
28,179
28,172
28,187
28,139
28,170
28,122
28,185
28,105
28,132
28,112
28,135
28,197
28,137
28,175
28,110
28,113
28,138
28,191
28,131
28,133
28,140
28,119
28,181
28,177
28,166
28,190
28,155
28,159
28,115
28,199
28,200
28,116
28,107
28,103
28,176
28,184
28,104
28,148
28,157
28,195
28,165
29,31
29,1
29,91
29,8
29,73
29,35
29,97
29,45
29,10
29,96
29,87
29,22
29,99
29,54
29,27
29,70
29,17
29,64
29,23
29,16
29,44
29,67
29,60
29,52
29,92
29,100
29,53
29,76
29,5
29,38
29,66
29,36
29,58
29,37
29,34
29,11
29,79
29,40
29,9
29,19
29,55
29,71
29,74
29,49
29,18
29,3
29,42
29,6
29,46
29,81
29,7
29,98
29,24
29,78
29,25
29,94
29,62
29,77
29,48
29,56
29,83
29,90
29,43
29,12
29,95
29,14
29,85
29,84
29,86
29,21
29,47
29,63
29,39
29,69
29,30
29,57
29,41
29,72
29,33
29,13
29,75
29,65
29,88
29,29
29,2
29,59
29,61
29,68
29,93
29,20
29,89
29,82
29,80
29,51
29,50
29,4
29,15
29,28
29,26
29,32
30,193
30,174
30,102
30,192
30,113
30,142
30,125
30,184
30,196
30,105
30,121
30,108
30,111
30,194
30,119
30,107
30,140
30,186
30,160
30,163
30,158
30,112
30,164
30,161
30,147
30,181
30,157
30,178
30,123
30,141
30,165
30,137
30,126
30,138
30,175
30,199
30,106
30,183
30,136
30,130
30,110
30,127
30,176
30,135
30,132
30,150
30,180
30,149
30,114
30,144
30,162
30,124
30,146
30,143
30,200
30,139
30,195
30,166
30,177
30,155
30,179
30,182
30,185
30,116
30,152
30,103
30,153
30,133
30,198
30,156
30,191
30,168
30,131
30,134
30,171
30,188
30,187
30,101
30,129
30,117
30,167
30,122
30,109
30,197
30,151
30,120
30,145
30,104
30,128
30,159
30,154
30,118
30,190
30,173
30,148
30,170
30,115
30,169
30,189
30,172
31,52
31,69
31,18
31,67
31,31
31,60
31,79
31,9
31,43
31,20
31,66
31,57
31,100
31,56
31,46
31,38
31,6
31,37
31,91
31,3
31,68
31,61
31,2
31,53
31,94
31,11
31,22
31,49
31,32
31,10
31,65
31,23
31,85
31,71
31,73
31,14
31,19
31,92
31,63
31,17
31,25
31,44
31,70
31,55
31,40
31,26
31,83
31,36
31,45
31,82
31,24
31,88
31,81
31,27
31,29
31,7
31,89
31,1
31,12
31,8
31,41
31,21
31,50
31,75
31,93
31,80
31,84
31,62
31,54
31,34
31,87
31,51
31,58
31,33
31,97
31,30
31,16
31,59
31,42
31,76
31,74
31,96
31,28
31,98
31,47
31,90
31,64
31,35
31,99
31,48
31,78
31,77
31,5
31,72
31,86
31,39
31,13
31,15
31,4
31,95
32,11
32,78
32,5
32,9
32,15
32,41
32,42
32,40
32,26
32,54
32,91
32,95
32,2
32,61
32,100
32,18
32,50
32,93
32,28
32,30
32,90
32,10
32,74
32,86
32,22
32,7
32,38
32,99
32,73
32,20
32,80
32,67
32,60
32,75
32,1
32,12
32,72
32,37
32,56
32,64
32,8
32,66
32,19
32,48
32,76
32,83
32,55
32,21
32,34
32,32
32,14
32,97
32,36
32,35
32,23
32,43
32,44
32,57
32,65
32,31
32,68
32,63
32,71
32,29
32,89
32,98
32,13
32,6
32,62
32,46
32,51
32,81
32,3
32,49
32,59
32,4
32,16
32,77
32,52
32,87
32,88
32,82
32,27
32,94
32,92
32,84
32,69
32,70
32,47
32,53
32,24
32,85
32,45
32,96
32,25
32,39
32,33
32,79
32,58
32,17
33,164
33,135
33,147
33,111
33,131
33,172
33,146
33,121
33,158
33,150
33,183
33,142
33,166
33,184
33,192
33,186
33,160
33,106
33,139
33,117
33,177
33,185
33,155
33,134
33,105
33,125
33,133
33,190
33,197
33,130
33,169
33,152
33,115
33,122
33,162
33,113
33,165
33,176
33,107
33,129
33,119
33,168
33,194
33,180
33,104
33,127
33,179
33,154
33,123
33,159
33,136
33,195
33,171
33,108
33,143
33,157
33,112
33,110
33,199
33,175
33,145
33,167
33,128
33,126
33,156
33,191
33,188
33,138
33,149
33,140
33,178
33,151
33,153
33,193
33,132
33,200
33,103
33,187
33,148
33,163
33,182
33,173
33,181
33,144
33,161
33,141
33,174
33,114
33,196
33,198
33,170
33,102
33,118
33,116
33,109
33,101
33,120
33,189
33,137
33,124
34,49
34,98
34,21
34,53
34,61
34,3
34,8
34,39
34,18
34,13
34,55
34,70
34,5
34,1
34,22
34,50
34,56
34,78
34,31
34,26
34,86
34,99
34,59
34,30
34,96
34,85
34,74
34,43
34,6
34,4
34,54
34,100
34,94
34,46
34,97
34,64
34,17
34,92
34,87
34,90
34,91
34,36
34,77
34,44
34,66
34,12
34,28
34,14
34,37
34,35
34,7
34,23
34,67
34,20
34,40
34,29
34,75
34,48
34,89
34,83
34,51
34,45
34,62
34,82
34,33
34,73
34,32
34,34
34,25
34,88
34,11
34,69
34,38
34,47
34,9
34,57
34,68
34,2
34,71
34,16
34,80
34,41
34,58
34,93
34,52
34,42
34,76
34,63
34,65
34,10
34,19
34,95
34,15
34,24
34,81
34,72
34,27
34,60
34,79
34,84
35,181
35,117
35,157
35,177
35,142
35,163
35,132
35,179
35,172
35,165
35,111
35,124
35,114
35,169
35,170
35,133
35,151
35,147
35,109
35,190
35,158
35,110
35,164
35,189
35,171
35,143
35,156
35,195
35,102
35,166
35,101
35,141
35,108
35,135
35,174
35,155
35,122
35,161
35,183
35,105
35,154
35,107
35,118
35,115
35,153
35,196
35,127
35,167
35,162
35,146
35,180
35,159
35,119
35,178
35,130
35,188
35,150
35,149
35,200
35,198
35,103
35,185
35,113
35,140
35,104
35,134
35,182
35,191
35,173
35,160
35,186
35,106
35,187
35,168
35,137
35,123
35,145
35,152
35,138
35,120
35,139
35,199
35,197
35,126
35,112
35,184
35,131
35,194
35,176
35,121
35,144
35,129
35,136
35,193
35,125
35,116
35,175
35,128
35,148
35,192
36,106
36,164
36,157
36,155
36,172
36,188
36,104
36,103
36,140
36,182
36,132
36,185
36,166
36,184
36,153
36,121
36,183
36,144
36,154
36,171
36,123
36,111
36,116
36,101
36,177
36,114
36,139
36,149
36,196
36,151
36,175
36,109
36,165
36,113
36,174
36,186
36,122
36,168
36,159
36,162
36,160
36,150
36,152
36,143
36,129
36,141
36,190
36,194
36,198
36,167
36,170
36,115
36,193
36,192
36,126
36,199
36,191
36,135
36,105
36,124
36,145
36,127
36,107
36,180
36,138
36,195
36,112
36,137
36,146
36,120
36,176
36,178
36,200
36,181
36,142
36,161
36,147
36,169
36,187
36,117
36,131
36,110
36,179
36,119
36,163
36,134
36,108
36,125
36,130
36,197
36,148
36,156
36,136
36,158
36,173
36,133
36,118
36,189
36,128
36,102
37,52
37,42
37,87
37,19
37,31
37,36
37,8
37,29
37,55
37,77
37,37
37,7
37,100
37,70
37,17
37,41
37,50
37,20
37,90
37,66
37,68
37,13
37,44
37,74
37,15
37,24
37,3
37,21
37,1
37,11
37,64
37,98
37,28
37,86
37,84
37,58
37,39
37,45
37,72
37,78
37,27
37,43
37,26
37,38
37,65
37,9
37,99
37,57
37,97
37,56
37,48
37,47
37,75
37,67
37,32
37,49
37,88
37,34
37,85
37,81
37,71
37,91
37,4
37,18
37,63
37,46
37,51
37,62
37,82
37,73
37,40
37,53
37,93
37,33
37,94
37,2
37,14
37,83
37,80
37,22
37,6
37,92
37,10
37,5
37,61
37,96
37,12
37,79
37,69
37,23
37,30
37,76
37,25
37,35
37,16
37,59
37,95
37,60
37,54
37,89
38,27
38,83
38,76
38,6
38,81
38,55
38,63
38,11
38,22
38,72
38,95
38,19
38,43
38,1
38,78
38,14
38,74
38,62
38,17
38,91
38,94
38,4
38,41
38,30
38,24
38,46
38,77
38,33
38,88
38,13
38,79
38,53
38,38
38,10
38,29
38,42
38,61
38,85
38,96
38,68
38,44
38,73
38,25
38,90
38,80
38,100
38,21
38,39
38,8
38,58
38,3
38,40
38,75
38,93
38,67
38,69
38,37
38,54
38,16
38,59
38,51
38,99
38,84
38,98
38,89
38,31
38,71
38,18
38,86
38,57
38,35
38,82
38,56
38,64
38,12
38,32
38,97
38,92
38,7
38,15
38,70
38,9
38,26
38,28
38,52
38,34
38,60
38,50
38,87
38,23
38,66
38,48
38,47
38,49
38,36
38,2
38,45
38,20
38,65
38,5
39,109
39,126
39,140
39,149
39,189
39,142
39,194
39,114
39,143
39,108
39,182
39,196
39,127
39,158
39,159
39,179
39,173
39,144
39,195
39,166
39,170
39,184
39,156
39,106
39,177
39,121
39,190
39,161
39,133
39,113
39,150
39,180
39,116
39,103
39,165
39,125
39,183
39,120
39,107
39,181
39,118
39,119
39,148
39,155
39,102
39,112
39,111
39,193
39,157
39,134
39,191
39,137
39,187
39,145
39,129
39,171
39,174
39,141
39,104
39,200
39,131
39,101
39,198
39,176
39,178
39,163
39,123
39,128
39,146
39,160
39,124
39,147
39,172
39,136
39,115
39,188
39,130
39,167
39,169
39,164
39,139
39,185
39,153
39,168
39,152
39,132
39,162
39,138
39,122
39,186
39,135
39,199
39,117
39,151
39,192
39,154
39,110
39,197
39,175
39,105
40,97
40,17
40,65
40,50
40,81
40,28
40,64
40,51
40,76
40,100
40,27
40,77
40,86
40,53
40,10
40,13
40,72
40,68
40,34
40,61
40,96
40,98
40,44
40,71
40,20
40,33
40,22
40,9
40,4
40,37
40,99
40,89
40,82
40,40
40,94
40,58
40,59
40,1
40,83
40,90
40,91
40,93
40,46
40,49
40,57
40,23
40,69
40,95
40,39
40,54
40,18
40,19
40,92
40,70
40,32
40,30
40,12
40,14
40,48
40,26
40,11
40,78
40,21
40,62
40,25
40,2
40,24
40,31
40,43
40,42
40,63
40,66
40,67
40,56
40,88
40,41
40,5
40,84
40,8
40,79
40,75
40,85
40,6
40,3
40,29
40,35
40,47
40,45
40,73
40,80
40,36
40,16
40,38
40,87
40,15
40,60
40,74
40,7
40,52
40,55
41,2
41,59
41,51
41,84
41,35
41,29
41,81
41,78
41,66
41,63
41,13
41,22
41,26
41,30
41,85
41,41
41,91
41,27
41,9
41,36
41,6
41,96
41,39
41,25
41,94
41,72
41,93
41,64
41,7
41,55
41,73
41,77
41,67
41,33
41,61
41,43
41,42
41,75
41,8
41,49
41,10
41,12
41,44
41,23
41,47
41,15
41,4
41,98
41,97
41,70
41,19
41,14
41,88
41,87
41,3
41,90
41,58
41,99
41,80
41,83
41,40
41,50
41,20
41,54
41,82
41,62
41,52
41,46
41,89
41,17
41,57
41,28
41,68
41,76
41,45
41,24
41,53
41,74
41,31
41,16
41,38
41,56
41,37
41,1
41,60
41,34
41,65
41,79
41,21
41,100
41,5
41,69
41,95
41,32
41,11
41,92
41,48
41,18
41,71
41,86
42,84
42,3
42,26
42,83
42,100
42,98
42,94
42,69
42,95
42,2
42,66
42,1
42,90
42,31
42,70
42,32
42,96
42,45
42,8
42,34
42,50
42,65
42,33
42,91
42,79
42,81
42,77
42,89
42,62
42,38
42,71
42,74
42,9
42,68
42,88
42,87
42,11
42,54
42,40
42,37
42,17
42,57
42,42
42,7
42,10
42,49
42,28
42,61
42,44
42,6
42,97
42,43
42,51
42,73
42,85
42,19
42,67
42,86
42,24
42,64
42,58
42,27
42,30
42,75
42,16
42,15
42,82
42,18
42,93
42,56
42,52
42,47
42,21
42,29
42,48
42,35
42,4
42,36
42,13
42,23
42,55
42,46
42,59
42,92
42,20
42,5
42,41
42,76
42,60
42,22
42,63
42,78
42,39
42,72
42,25
42,14
42,99
42,53
42,80
42,12
43,136
43,121
43,111
43,108
43,112
43,158
43,160
43,133
43,174
43,145
43,123
43,197
43,183
43,170
43,139
43,177
43,118
43,162
43,178
43,110
43,137
43,102
43,125
43,163
43,143
43,103
43,186
43,194
43,154
43,127
43,119
43,153
43,159
43,166
43,144
43,140
43,149
43,147
43,124
43,115
43,187
43,141
43,189
43,198
43,107
43,171
43,191
43,200
43,128
43,188
43,130
43,176
43,180
43,185
43,173
43,120
43,151
43,155
43,175
43,196
43,114
43,184
43,109
43,148
43,132
43,182
43,131
43,116
43,150
43,195
43,165
43,117
43,156
43,192
43,106
43,190
43,167
43,161
43,138
43,157
43,104
43,122
43,181
43,134
43,129
43,126
43,105
43,169
43,142
43,179
43,164
43,101
43,135
43,113
43,199
43,168
43,152
43,193
43,172
43,146
44,79
44,59
44,24
44,17
44,91
44,13
44,94
44,80
44,53
44,90
44,71
44,30
44,29
44,98
44,5
44,21
44,83
44,41
44,19
44,57
44,37
44,78
44,93
44,99
44,43
44,26
44,74
44,96
44,87
44,8
44,2
44,42
44,72
44,67
44,82
44,35
44,85
44,12
44,25
44,52
44,65
44,69
44,28
44,33
44,50
44,97
44,92
44,38
44,73
44,100
44,56
44,36
44,89
44,44
44,10
44,20
44,16
44,76
44,68
44,47
44,61
44,64
44,1
44,49
44,34
44,63
44,66
44,3
44,14
44,84
44,11
44,9
44,27
44,15
44,51
44,23
44,81
44,46
44,4
44,54
44,70
44,6
44,40
44,45
44,55
44,48
44,32
44,77
44,86
44,88
44,18
44,7
44,58
44,75
44,39
44,22
44,62
44,95
44,60
44,31
45,111
45,125
45,122
45,119
45,152
45,200
45,177
45,184
45,158
45,116
45,187
45,104
45,157
45,109
45,114
45,139
45,134
45,181
45,148
45,196
45,156
45,190
45,115
45,193
45,169
45,136
45,123
45,166
45,113
45,145
45,118
45,132
45,163
45,194
45,195
45,183
45,168
45,150
45,161
45,144
45,112
45,149
45,120
45,180
45,191
45,128
45,162
45,126
45,199
45,198
45,117
45,105
45,142
45,179
45,110
45,160
45,186
45,167
45,103
45,182
45,101
45,108
45,102
45,171
45,140
45,124
45,176
45,188
45,106
45,185
45,143
45,135
45,130
45,178
45,155
45,154
45,107
45,131
45,153
45,170
45,137
45,174
45,173
45,164
45,147
45,175
45,121
45,138
45,192
45,146
45,189
45,159
45,165
45,172
45,197
45,129
45,141
45,151
45,127
45,133
46,79
46,49
46,1
46,88
46,11
46,36
46,48
46,72
46,6
46,42
46,54
46,78
46,92
46,66
46,37
46,67
46,90
46,58
46,33
46,74
46,82
46,19
46,95
46,2
46,98
46,87
46,34
46,83
46,30
46,91
46,100
46,43
46,68
46,63
46,55
46,85
46,15
46,97
46,4
46,71
46,23
46,9
46,45
46,41
46,56
46,35
46,96
46,61
46,46
46,81
46,10
46,16
46,53
46,39
46,40
46,77
46,57
46,38
46,18
46,26
46,14
46,62
46,8
46,21
46,50
46,5
46,25
46,27
46,44
46,3
46,32
46,59
46,31
46,86
46,73
46,22
46,24
46,28
46,17
46,89
46,76
46,20
46,12
46,51
46,47
46,80
46,84
46,13
46,75
46,69
46,29
46,52
46,70
46,65
46,7
46,99
46,93
46,94
46,60
46,64
47,182
47,148
47,144
47,185
47,193
47,127
47,137
47,130
47,118
47,166
47,169
47,149
47,102
47,164
47,191
47,179
47,184
47,124
47,129
47,176
47,120
47,174
47,151
47,109
47,121
47,111
47,128
47,131
47,119
47,183
47,162
47,105
47,155
47,132
47,116
47,113
47,138
47,142
47,159
47,157
47,175
47,173
47,112
47,123
47,145
47,104
47,189
47,181
47,198
47,172
47,158
47,152
47,154
47,195
47,150
47,141
47,125
47,143
47,147
47,161
47,146
47,101
47,200
47,187
47,167
47,135
47,197
47,170
47,136
47,117
47,190
47,194
47,192
47,108
47,153
47,140
47,160
47,178
47,165
47,186
47,107
47,177
47,134
47,199
47,133
47,139
47,114
47,156
47,122
47,180
47,196
47,106
47,168
47,171
47,163
47,103
47,126
47,115
47,110
47,188
48,42
48,99
48,56
48,30
48,23
48,14
48,89
48,71
48,21
48,41
48,35
48,15
48,43
48,40
48,83
48,53
48,55
48,54
48,63
48,51
48,17
48,18
48,8
48,84
48,36
48,67
48,72
48,39
48,7
48,64
48,60
48,76
48,97
48,1
48,93
48,33
48,96
48,6
48,70
48,38
48,12
48,27
48,49
48,86
48,4
48,90
48,69
48,29
48,80
48,92
48,2
48,22
48,58
48,20
48,81
48,52
48,66
48,91
48,32
48,9
48,11
48,78
48,57
48,13
48,73
48,24
48,85
48,61
48,3
48,5
48,44
48,25
48,16
48,82
48,45
48,34
48,26
48,87
48,10
48,74
48,62
48,94
48,59
48,65
48,28
48,98
48,77
48,48
48,46
48,19
48,95
48,68
48,75
48,37
48,47
48,100
48,50
48,31
48,79
48,88
49,116
49,130
49,112
49,157
49,106
49,136
49,156
49,122
49,174
49,131
49,110
49,187
49,125
49,195
49,150
49,140
49,118
49,188
49,160
49,102
49,193
49,161
49,162
49,146
49,135
49,148
49,181
49,138
49,105
49,114
49,147
49,123
49,104
49,173
49,192
49,144
49,143
49,199
49,132
49,155
49,119
49,190
49,196
49,111
49,179
49,117
49,152
49,145
49,133
49,169
49,153
49,198
49,129
49,197
49,127
49,109
49,164
49,120
49,165
49,101
49,189
49,154
49,184
49,149
49,171
49,182
49,170
49,176
49,167
49,180
49,142
49,139
49,191
49,137
49,175
49,186
49,177
49,134
49,158
49,126
49,159
49,151
49,128
49,121
49,108
49,185
49,124
49,178
49,107
49,194
49,183
49,168
49,172
49,113
49,141
49,103
49,115
49,163
49,166
49,200
50,52
50,91
50,26
50,98
50,28
50,86
50,89
50,2
50,39
50,6
50,72
50,13
50,50
50,21
50,87
50,92
50,51
50,55
50,69
50,27
50,73
50,25
50,84
50,75
50,42
50,29
50,11
50,14
50,36
50,8
50,59
50,82
50,32
50,64
50,47
50,19
50,85
50,35
50,43
50,80
50,83
50,53
50,74
50,4
50,57
50,97
50,76
50,46
50,63
50,41
50,77
50,45
50,62
50,10
50,90
50,40
50,65
50,58
50,17
50,88
50,70
50,100
50,79
50,71
50,9
50,16
50,5
50,12
50,38
50,54
50,33
50,81
50,93
50,7
50,18
50,31
50,96
50,48
50,99
50,3
50,15
50,78
50,68
50,67
50,95
50,37
50,30
50,1
50,61
50,34
50,56
50,20
50,24
50,23
50,66
50,94
50,49
50,60
50,44
50,22
51,178
51,166
51,112
51,156
51,180
51,196
51,111
51,175
51,104
51,124
51,143
51,182
51,164
51,138
51,123
51,200
51,122
51,176
51,139
51,170
51,132
51,106
51,148
51,105
51,154
51,183
51,152
51,181
51,103
51,191
51,197
51,107
51,145
51,184
51,177
51,159
51,147
51,137
51,179
51,158
51,130
51,140
51,151
51,136
51,117
51,171
51,192
51,161
51,198
51,142
51,114
51,193
51,134
51,127
51,149
51,126
51,115
51,174
51,121
51,160
51,131
51,113
51,125
51,172
51,102
51,165
51,120
51,168
51,133
51,199
51,128
51,108
51,141
51,109
51,146
51,189
51,190
51,167
51,163
51,173
51,194
51,188
51,110
51,155
51,101
51,186
51,153
51,195
51,135
51,144
51,150
51,119
51,129
51,118
51,162
51,187
51,116
51,157
51,185
51,169
52,171
52,186
52,137
52,195
52,184
52,153
52,124
52,136
52,123
52,122
52,103
52,115
52,134
52,140
52,152
52,183
52,176
52,106
52,127
52,149
52,193
52,185
52,121
52,138
52,159
52,198
52,131
52,142
52,157
52,125
52,160
52,181
52,168
52,112
52,180
52,169
52,187
52,200
52,111
52,177
52,132
52,113
52,101
52,120
52,129
52,128
52,104
52,199
52,163
52,109
52,107
52,119
52,135
52,196
52,114
52,148
52,170
52,167
52,126
52,145
52,192
52,108
52,146
52,191
52,133
52,190
52,164
52,158
52,154
52,165
52,172
52,117
52,110
52,194
52,118
52,182
52,189
52,161
52,141
52,197
52,130
52,178
52,179
52,143
52,147
52,173
52,174
52,155
52,105
52,188
52,156
52,166
52,175
52,144
52,139
52,151
52,150
52,116
52,162
52,102
53,65
53,61
53,72
53,74
53,14
53,86
53,35
53,68
53,75
53,90
53,5
53,71
53,76
53,37
53,82
53,99
53,26
53,22
53,77
53,66
53,80
53,18
53,56
53,31
53,88
53,33
53,51
53,64
53,29
53,60
53,59
53,69
53,50
53,89
53,12
53,10
53,93
53,41
53,1
53,78
53,40
53,24
53,55
53,11
53,87
53,47
53,67
53,45
53,39
53,17
53,83
53,13
53,16
53,46
53,81
53,30
53,15
53,4
53,85
53,52
53,57
53,43
53,23
53,54
53,53
53,8
53,36
53,20
53,96
53,42
53,28
53,58
53,7
53,92
53,25
53,6
53,34
53,84
53,98
53,49
53,3
53,79
53,2
53,62
53,100
53,95
53,48
53,97
53,32
53,38
53,44
53,70
53,91
53,27
53,73
53,63
53,94
53,19
53,9
53,21
54,138
54,113
54,147
54,136
54,187
54,184
54,126
54,105
54,143
54,196
54,185
54,183
54,108
54,160
54,153
54,200
54,141
54,162
54,144
54,194
54,179
54,125
54,173
54,150
54,129
54,120
54,145
54,119
54,197
54,103
54,122
54,134
54,159
54,178
54,186
54,142
54,156
54,151
54,154
54,155
54,149
54,131
54,193
54,157
54,167
54,180
54,168
54,190
54,102
54,101
54,137
54,116
54,177
54,140
54,109
54,170
54,121
54,163
54,117
54,195
54,199
54,171
54,172
54,192
54,166
54,123
54,104
54,124
54,158
54,175
54,127
54,115
54,146
54,130
54,182
54,111
54,106
54,135
54,181
54,198
54,112
54,148
54,128
54,191
54,107
54,176
54,161
54,139
54,114
54,152
54,188
54,110
54,169
54,189
54,164
54,133
54,132
54,165
54,174
54,118
55,107
55,195
55,150
55,123
55,111
55,192
55,171
55,124
55,112
55,180
55,110
55,159
55,165
55,126
55,102
55,174
55,149
55,141
55,138
55,166
55,197
55,130
55,188
55,143
55,121
55,139
55,118
55,133
55,125
55,128
55,156
55,106
55,168
55,113
55,175
55,179
55,153
55,142
55,162
55,137
55,101
55,114
55,181
55,117
55,167
55,103
55,127
55,186
55,134
55,163
55,169
55,104
55,172
55,120
55,173
55,176
55,136
55,132
55,129
55,196
55,122
55,116
55,193
55,148
55,147
55,178
55,189
55,105
55,152
55,131
55,185
55,161
55,199
55,183
55,109
55,140
55,170
55,187
55,200
55,182
55,177
55,157
55,190
55,146
55,158
55,151
55,144
55,115
55,119
55,194
55,164
55,191
55,135
55,160
55,184
55,155
55,154
55,145
55,108
55,198
56,156
56,158
56,198
56,135
56,106
56,117
56,190
56,169
56,163
56,184
56,133
56,189
56,114
56,120
56,193
56,197
56,129
56,192
56,121
56,167
56,178
56,177
56,122
56,147
56,187
56,174
56,161
56,199
56,111
56,151
56,126
56,141
56,143
56,101
56,191
56,132
56,194
56,160
56,165
56,179
56,102
56,107
56,128
56,103
56,164
56,145
56,186
56,144
56,185
56,124
56,181
56,162
56,173
56,130
56,113
56,149
56,182
56,115
56,131
56,105
56,175
56,116
56,153
56,188
56,127
56,168
56,137
56,152
56,200
56,195
56,157
56,139
56,166
56,171
56,134
56,123
56,109
56,159
56,104
56,148
56,136
56,170
56,155
56,140
56,138
56,196
56,112
56,125
56,110
56,172
56,183
56,176
56,108
56,118
56,180
56,142
56,150
56,154
56,146
56,119
57,63
57,38
57,91
57,43
57,81
57,93
57,51
57,5
57,58
57,23
57,54
57,94
57,61
57,64
57,7
57,77
57,50
57,87
57,47
57,55
57,84
57,30
57,25
57,69
57,17
57,88
57,4
57,53
57,11
57,86
57,45
57,96
57,42
57,72
57,33
57,34
57,21
57,39
57,49
57,2
57,59
57,44
57,83
57,79
57,8
57,57
57,24
57,70
57,29
57,80
57,36
57,26
57,52
57,6
57,75
57,92
57,1
57,35
57,3
57,37
57,18
57,76
57,60
57,78
57,89
57,46
57,41
57,95
57,100
57,62
57,71
57,19
57,85
57,90
57,12
57,16
57,20
57,99
57,10
57,13
57,66
57,15
57,32
57,22
57,82
57,73
57,14
57,9
57,97
57,56
57,27
57,48
57,31
57,40
57,74
57,65
57,28
57,98
57,67
57,68
58,124
58,152
58,165
58,164
58,143
58,159
58,102
58,130
58,179
58,172
58,133
58,163
58,195
58,180
58,120
58,183
58,112
58,157
58,177
58,153
58,200
58,132
58,162
58,105
58,129
58,191
58,142
58,131
58,139
58,147
58,103
58,108
58,160
58,134
58,114
58,174
58,155
58,176
58,168
58,107
58,116
58,185
58,109
58,126
58,135
58,150
58,110
58,141
58,128
58,151
58,178
58,166
58,181
58,122
58,117
58,182
58,194
58,187
58,123
58,197
58,196
58,106
58,115
58,192
58,184
58,111
58,188
58,193
58,127
58,138
58,136
58,113
58,140
58,154
58,146
58,148
58,190
58,145
58,137
58,121
58,170
58,173
58,189
58,118
58,169
58,104
58,125
58,119
58,198
58,175
58,167
58,156
58,144
58,158
58,186
58,101
58,149
58,171
58,161
58,199
59,106
59,153
59,125
59,144
59,132
59,163
59,105
59,141
59,170
59,154
59,122
59,129
59,173
59,200
59,187
59,101
59,177
59,121
59,179
59,134
59,118
59,119
59,137
59,181
59,133
59,175
59,161
59,178
59,155
59,169
59,196
59,192
59,116
59,138
59,174
59,164
59,166
59,136
59,130
59,150
59,112
59,143
59,186
59,185
59,110
59,111
59,135
59,199
59,182
59,190
59,102
59,180
59,197
59,123
59,140
59,128
59,139
59,149
59,195
59,184
59,183
59,146
59,151
59,189
59,115
59,158
59,171
59,188
59,157
59,108
59,159
59,160
59,131
59,162
59,145
59,103
59,156
59,124
59,167
59,198
59,193
59,142
59,127
59,104
59,168
59,165
59,172
59,114
59,107
59,147
59,126
59,191
59,176
59,194
59,120
59,152
59,117
59,109
59,148
59,113
60,1
60,95
60,68
60,33
60,86
60,19
60,6
60,65
60,55
60,22
60,12
60,9
60,56
60,28
60,90
60,82
60,69
60,59
60,51
60,71
60,61
60,49
60,74
60,72
60,17
60,43
60,66
60,32
60,48
60,60
60,80
60,62
60,67
60,34
60,91
60,44
60,93
60,50
60,70
60,63
60,92
60,25
60,30
60,24
60,77
60,10
60,84
60,4
60,46
60,54
60,39
60,14
60,64
60,5
60,42
60,21
60,20
60,100
60,41
60,53
60,81
60,89
60,26
60,85
60,57
60,13
60,87
60,29
60,18
60,7
60,31
60,76
60,94
60,73
60,16
60,97
60,35
60,79
60,96
60,2
60,88
60,75
60,8
60,40
60,45
60,15
60,23
60,98
60,27
60,37
60,99
60,11
60,36
60,47
60,38
60,3
60,52
60,58
60,83
60,78
61,142
61,139
61,179
61,182
61,150
61,147
61,174
61,141
61,199
61,122
61,123
61,129
61,121
61,170
61,120
61,173
61,167
61,198
61,106
61,105
61,131
61,161
61,187
61,192
61,140
61,157
61,168
61,193
61,138
61,132
61,156
61,190
61,196
61,175
61,114
61,176
61,183
61,119
61,158
61,126
61,154
61,171
61,134
61,125
61,136
61,111
61,116
61,133
61,113
61,160
61,102
61,108
61,149
61,143
61,151
61,177
61,178
61,152
61,165
61,163
61,184
61,164
61,189
61,181
61,200
61,195
61,109
61,162
61,186
61,172
61,194
61,145
61,185
61,115
61,169
61,191
61,103
61,188
61,117
61,166
61,110
61,118
61,197
61,101
61,144
61,130
61,148
61,180
61,104
61,137
61,135
61,159
61,153
61,107
61,128
61,127
61,146
61,124
61,155
61,112
62,97
62,48
62,22
62,80
62,45
62,77
62,38
62,67
62,21
62,60
62,78
62,63
62,99
62,85
62,59
62,13
62,43
62,88
62,55
62,83
62,68
62,61
62,4
62,51
62,65
62,91
62,69
62,89
62,25
62,58
62,24
62,87
62,98
62,9
62,1
62,90
62,26
62,14
62,11
62,16
62,31
62,10
62,27
62,29
62,73
62,8
62,56
62,50
62,2
62,15
62,92
62,82
62,54
62,75
62,53
62,76
62,28
62,41
62,20
62,40
62,84
62,33
62,12
62,36
62,64
62,70
62,49
62,19
62,66
62,100
62,47
62,62
62,34
62,74
62,52
62,93
62,32
62,95
62,86
62,3
62,46
62,6
62,94
62,44
62,17
62,30
62,72
62,79
62,5
62,81
62,57
62,42
62,35
62,96
62,18
62,37
62,7
62,23
62,39
62,71
63,15
63,97
63,92
63,74
63,1
63,77
63,9
63,36
63,49
63,88
63,45
63,12
63,3
63,99
63,21
63,91
63,85
63,55
63,66
63,86
63,34
63,4
63,67
63,89
63,48
63,95
63,11
63,18
63,96
63,43
63,58
63,56
63,30
63,78
63,84
63,50
63,93
63,5
63,27
63,7
63,47
63,37
63,20
63,62
63,8
63,29
63,94
63,23
63,2
63,26
63,28
63,100
63,83
63,14
63,76
63,90
63,72
63,31
63,82
63,52
63,70
63,98
63,80
63,17
63,24
63,33
63,65
63,73
63,41
63,81
63,63
63,61
63,87
63,46
63,22
63,39
63,13
63,6
63,79
63,25
63,57
63,64
63,19
63,59
63,44
63,71
63,16
63,69
63,68
63,54
63,53
63,40
63,38
63,42
63,51
63,60
63,10
63,32
63,35
63,75
64,139
64,181
64,137
64,166
64,192
64,141
64,102
64,133
64,105
64,142
64,128
64,120
64,143
64,131
64,164
64,107
64,136
64,130
64,162
64,155
64,193
64,159
64,108
64,191
64,184
64,132
64,195
64,160
64,170
64,123
64,165
64,176
64,177
64,129
64,124
64,122
64,186
64,198
64,138
64,134
64,187
64,113
64,171
64,153
64,194
64,110
64,178
64,115
64,150
64,119
64,157
64,125
64,144
64,200
64,147
64,146
64,185
64,173
64,109
64,121
64,190
64,180
64,197
64,196
64,169
64,104
64,118
64,167
64,182
64,172
64,135
64,103
64,188
64,179
64,174
64,199
64,127
64,161
64,117
64,148
64,106
64,168
64,151
64,154
64,145
64,140
64,189
64,114
64,126
64,101
64,149
64,111
64,158
64,156
64,152
64,112
64,116
64,183
64,163
64,175
65,64
65,88
65,22
65,42
65,45
65,54
65,58
65,16
65,27
65,38
65,11
65,4
65,10
65,40
65,30
65,24
65,83
65,92
65,76
65,51
65,61
65,6
65,20
65,53
65,5
65,94
65,68
65,79
65,49
65,70
65,87
65,32
65,43
65,41
65,90
65,19
65,33
65,13
65,37
65,97
65,95
65,15
65,96
65,85
65,93
65,17
65,8
65,74
65,67
65,3
65,60
65,73
65,21
65,66
65,12
65,69
65,7
65,75
65,23
65,52
65,2
65,80
65,77
65,26
65,86
65,81
65,34
65,89
65,25
65,28
65,55
65,100
65,31
65,82
65,44
65,91
65,65
65,14
65,35
65,47
65,72
65,63
65,98
65,62
65,78
65,46
65,36
65,59
65,99
65,18
65,84
65,39
65,57
65,29
65,50
65,56
65,9
65,1
65,48
65,71
66,186
66,156
66,177
66,199
66,179
66,107
66,110
66,109
66,122
66,163
66,147
66,112
66,166
66,130
66,121
66,135
66,136
66,159
66,176
66,143
66,168
66,132
66,126
66,198
66,138
66,174
66,131
66,146
66,175
66,142
66,116
66,129
66,190
66,152
66,162
66,187
66,182
66,141
66,164
66,151
66,128
66,200
66,153
66,158
66,111
66,125
66,167
66,185
66,127
66,124
66,172
66,161
66,101
66,180
66,154
66,197
66,193
66,106
66,188
66,173
66,133
66,170
66,145
66,184
66,108
66,137
66,105
66,114
66,148
66,123
66,165
66,160
66,144
66,119
66,140
66,196
66,183
66,115
66,102
66,178
66,191
66,139
66,150
66,194
66,149
66,189
66,103
66,117
66,104
66,118
66,169
66,181
66,192
66,134
66,120
66,157
66,155
66,195
66,113
66,171
67,68
67,63
67,60
67,4
67,42
67,7
67,45
67,55
67,100
67,30
67,80
67,95
67,48
67,36
67,12
67,1
67,57
67,38
67,46
67,15
67,18
67,77
67,8
67,87
67,21
67,34
67,28
67,39
67,40
67,88
67,19
67,9
67,66
67,26
67,44
67,50
67,35
67,81
67,20
67,31
67,25
67,61
67,89
67,59
67,97
67,74
67,13
67,2
67,82
67,93
67,17
67,27
67,72
67,6
67,70
67,53
67,90
67,69
67,54
67,16
67,5
67,79
67,33
67,22
67,98
67,47
67,75
67,10
67,3
67,94
67,49
67,29
67,91
67,43
67,71
67,62
67,23
67,64
67,67
67,32
67,73
67,14
67,85
67,83
67,78
67,41
67,11
67,96
67,52
67,58
67,99
67,24
67,92
67,37
67,56
67,51
67,84
67,76
67,65
67,86
68,27
68,69
68,71
68,37
68,41
68,42
68,54
68,28
68,21
68,88
68,53
68,36
68,93
68,8
68,2
68,99
68,89
68,47
68,45
68,24
68,33
68,25
68,66
68,78
68,83
68,65
68,5
68,58
68,64
68,16
68,48
68,74
68,96
68,23
68,100
68,72
68,84
68,94
68,20
68,9
68,76
68,22
68,86
68,61
68,55
68,70
68,51
68,1
68,14
68,32
68,90
68,98
68,85
68,31
68,11
68,77
68,92
68,10
68,79
68,59
68,6
68,15
68,4
68,12
68,62
68,35
68,29
68,56
68,91
68,19
68,67
68,75
68,73
68,87
68,38
68,63
68,60
68,40
68,26
68,52
68,43
68,3
68,46
68,50
68,44
68,97
68,49
68,18
68,7
68,95
68,81
68,80
68,13
68,30
68,57
68,34
68,17
68,82
68,39
68,68
69,150
69,184
69,161
69,167
69,171
69,169
69,123
69,193
69,105
69,147
69,180
69,177
69,189
69,158
69,175
69,131
69,136
69,200
69,192
69,144
69,187
69,142
69,113
69,116
69,174
69,110
69,181
69,102
69,103
69,140
69,198
69,195
69,145
69,164
69,159
69,149
69,107
69,129
69,137
69,120
69,152
69,121
69,183
69,125
69,135
69,134
69,119
69,162
69,176
69,111
69,127
69,148
69,172
69,153
69,133
69,109
69,197
69,154
69,157
69,108
69,101
69,130
69,173
69,185
69,117
69,122
69,199
69,115
69,166
69,126
69,106
69,186
69,114
69,160
69,170
69,156
69,143
69,141
69,112
69,146
69,182
69,179
69,128
69,190
69,196
69,165
69,191
69,124
69,151
69,138
69,178
69,188
69,194
69,118
69,104
69,132
69,155
69,139
69,163
69,168
70,126
70,178
70,144
70,153
70,145
70,108
70,139
70,134
70,118
70,127
70,179
70,111
70,167
70,147
70,120
70,187
70,143
70,148
70,128
70,119
70,136
70,166
70,196
70,112
70,121
70,140
70,137
70,158
70,175
70,151
70,101
70,195
70,152
70,172
70,149
70,164
70,110
70,129
70,160
70,184
70,197
70,102
70,103
70,180
70,199
70,107
70,130
70,142
70,132
70,171
70,163
70,146
70,186
70,141
70,177
70,125
70,133
70,135
70,159
70,193
70,190
70,173
70,176
70,115
70,189
70,131
70,192
70,106
70,194
70,156
70,157
70,123
70,191
70,116
70,124
70,113
70,188
70,105
70,104
70,165
70,200
70,185
70,154
70,181
70,155
70,183
70,138
70,170
70,198
70,169
70,117
70,122
70,162
70,109
70,174
70,161
70,168
70,150
70,114
70,182
71,35
71,32
71,65
71,30
71,80
71,46
71,6
71,55
71,19
71,90
71,74
71,97
71,4
71,9
71,42
71,17
71,34
71,64
71,92
71,99
71,21
71,3
71,8
71,68
71,66
71,44
71,75
71,20
71,89
71,77
71,2
71,57
71,58
71,14
71,93
71,7
71,94
71,36
71,50
71,67
71,85
71,63
71,79
71,69
71,26
71,41
71,25
71,48
71,62
71,100
71,70
71,1
71,91
71,47
71,78
71,27
71,49
71,81
71,86
71,82
71,38
71,16
71,52
71,84
71,73
71,31
71,71
71,28
71,11
71,10
71,60
71,40
71,53
71,51
71,29
71,56
71,98
71,24
71,54
71,13
71,88
71,5
71,96
71,95
71,37
71,72
71,22
71,39
71,83
71,45
71,18
71,76
71,12
71,43
71,61
71,15
71,59
71,87
71,33
71,23
72,140
72,119
72,126
72,184
72,180
72,106
72,131
72,146
72,199
72,152
72,187
72,189
72,150
72,124
72,110
72,144
72,107
72,114
72,143
72,155
72,139
72,121
72,134
72,168
72,157
72,177
72,178
72,135
72,129
72,102
72,164
72,167
72,141
72,170
72,195
72,160
72,186
72,173
72,111
72,148
72,138
72,112
72,149
72,163
72,191
72,162
72,151
72,171
72,132
72,101
72,172
72,161
72,127
72,183
72,137
72,153
72,197
72,165
72,181
72,174
72,130
72,109
72,176
72,194
72,185
72,200
72,175
72,133
72,117
72,193
72,116
72,147
72,166
72,125
72,198
72,156
72,118
72,115
72,113
72,182
72,105
72,120
72,190
72,142
72,108
72,179
72,145
72,104
72,159
72,196
72,123
72,154
72,192
72,136
72,122
72,103
72,188
72,169
72,158
72,128
73,192
73,125
73,112
73,151
73,189
73,116
73,144
73,127
73,166
73,104
73,119
73,154
73,141
73,103
73,165
73,146
73,159
73,180
73,105
73,110
73,115
73,130
73,123
73,132
73,143
73,138
73,157
73,183
73,181
73,162
73,150
73,175
73,197
73,149
73,128
73,163
73,131
73,133
73,126
73,139
73,134
73,193
73,195
73,169
73,140
73,120
73,182
73,121
73,187
73,107
73,136
73,191
73,176
73,185
73,178
73,190
73,160
73,156
73,186
73,111
73,147
73,114
73,168
73,137
73,117
73,101
73,177
73,173
73,167
73,106
73,171
73,198
73,200
73,179
73,194
73,164
73,199
73,129
73,161
73,108
73,172
73,153
73,174
73,113
73,109
73,188
73,145
73,102
73,152
73,155
73,184
73,142
73,118
73,124
73,148
73,122
73,170
73,158
73,196
73,135
