ppt,n_old,n_new,p_hit,p_fa,Pr,N1,N2,N3,N4,N5,N6,O1,O2,O3,O4,O5,O6,zH1,zH2,zH3,zH4,zH5,zF1,zF2,zF3,zF4,zF5,do_zROC,zROC_slp,zROC_int,fitppt,do,dn,g1,g2,g3,g4,g5,g6,chk_sumg,ro1,ro2,ro3,ro4,ro5,ro6,rn1,rn2,rn3,rn4,rn5,rn6,lglik,convr,fn,gr,dpoints,Nold,Nnew,freep,aic,bic,bfSim,chk_lik,epH,epF,pN1,pN2,pN3,pN4,pN5,pN6,pO1,pO2,pO3,pO4,pO5,pO6,eN1,eN2,eN3,eN4,eN5,eN6,eO1,eO2,eO3,eO4,eO5,eO6,eFCpcor1,eFCpcor2,eFCpcor3,eFCpcor4,eFCpcor5,eFCpcor6,ChiSq,G,df,pG
1,100,100,0.6,0.45,0.14999999999999997,15,25,15,13,18,14,6,27,7,17,9,34,1.5547735945968528,0.4399131656732339,0.2533471031357998,-0.17637416478086135,-0.4124631294414046,1.0364333894937894,0.2533471031357998,-0.125661346855074,-0.4676987991145081,-1.080319340814956,TRUE,0.9346681377849975,0.4036029454295918,1,0.2216823915696008,0.07901836803323321,0.07706424776833987,0.30598556466527094,0.1294728215607502,0.1765284397255425,0.15891774622862265,0.15203118005147376,1,0,0,0,0,0,1,1,0,0,0,0,0,-338.668448291972,0,136,NA,200,100,100,7,691.336896583944,714.4251181497804,15,0,0.60109460924306,0.4489577000907342,0.1499931247092101,0.28180708470369387,0.11924209049636171,0.16257945050697714,0.1463603252701174,0.14001792431363966,0.059980461018542014,0.23815395290449895,0.10077097683389893,0.13739519302713413,0.12368848018181067,0.34001093603411525,14.999312470921012,28.180708470369385,11.924209049636172,16.257945050697714,14.63603252701174,14.001792431363965,5.998046101854201,23.815395290449896,10.077097683389894,13.739519302713413,12.368848018181067,34.001093603411526,0.7634066334254493,0.5,0.5,0.5,0.5,0.8259930315114308,5.635176913399915,5.722155551346306,3,0.12593881692839126
2,100,100,0.82,0.26,0.5599999999999999,3,32,39,20,2,4,0,5,13,22,15,45,Inf,1.6448536269514715,0.9153650878428139,0.2533471031357998,-0.125661346855074,1.8807936081512504,0.3853204664075676,-0.6433454053929168,-1.554773594596853,-1.7506860712521695,FALSE,NA,NA,2,0.4263393718750439,0.02999057783055712,1.2617333710932064e-11,0.2397082196102778,0.3368232811061188,0.2720783225100588,0.11015332857541045,0.04123684818551676,1,0,0,0,0,0,1,1,0,0,0,0,0,-294.3301634200272,0,160,NA,200,100,100,7,602.6603268400544,625.7485484058907,12,0,0.6692665771579703,0.4107684342848103,0.029990577842796053,0.2325192315934315,0.3267217562789621,0.2639185364028135,0.10684976660147467,0.04000013128052215,7.238067581875471e-12,0.13751116782834688,0.19322225500644477,0.15608062139030474,0.06319062766062464,0.4499953281070409,2.9990577842796053,23.25192315934315,32.67217562789621,26.391853640281347,10.684976660147468,4.000013128052215,7.238067581875471e-10,13.751116782834687,19.32222550064448,15.608062139030473,6.319062766062464,44.99953281070409,0.9999999997959537,0.5,0.5,0.5,0.5,0.9737153312996508,35.305287492701844,37.07112738598194,3,4.4446658575836295e-8
3,100,100,0.85,0.1,0.75,14,21,55,7,1,2,3,1,11,14,8,63,1.8807936081512504,1.7506860712521695,1.0364333894937894,0.5533847195556728,0.3318533464368165,1.080319340814956,0.3853204664075676,-1.2815515655446008,-1.8807936081512509,-2.0537489106318225,TRUE,0.4836962648865111,1.47344637207062,3,0.6219252861809388,0.06589142179461849,0.07933157698667204,0.16766382140414263,0.5029529673069819,0.16003118885071807,0.0685940378113214,0.021426407640164014,1,0,0,0,0,0,1,1,0,0,0,0,0,-261.013393846829,0,131,NA,200,100,100,7,536.026787693658,559.1150092594943,15,5.684341886080802e-14,0.7164634862597329,0.23357537659596328,0.13999572838042945,0.15661621382830468,0.4698126811953026,0.14948650628586116,0.0640742791332996,0.02001459117680253,0.029993263266050854,0.06338945129518142,0.19015379917903483,0.06050374592685937,0.0259336712152092,0.6300260691176643,13.999572838042946,15.661621382830468,46.98126811953026,14.948650628586115,6.40742791332996,2.0014591176802528,2.9993263266050856,6.338945129518142,19.015379917903484,6.050374592685937,2.5933671215209197,63.002606911766435,0.7353336868092245,0.5,0.5,0.5,0.5,0.9935710732191839,41.570416052262374,41.08925725162904,3,6.260277185532459e-9
4,100,100,0.61,0.24,0.37,3,33,40,14,8,2,0,15,24,6,24,31,Inf,1.0364333894937894,0.27931903444745404,0.12566134685507413,-0.4958503473474532,1.8807936081512504,0.35845879325119373,-0.7063025628400875,-1.2815515655446008,-2.0537489106318225,FALSE,NA,NA,4,0.2955478596799351,0.02999645001633394,4.882119522718053e-10,0.2866386354654659,0.382176736888628,0.11944881129394563,0.19112709911038983,0.020608716753358736,1,0,0,0,0,0,1,1,0,0,0,0,0,-298.7003849205705,0,151,NA,200,100,100,7,611.400769841141,634.4889914069773,41,0,0.5288515791222754,0.3212502640429803,0.029996450489901266,0.2780404939639759,0.3707127915031427,0.1158657709964563,0.18539396463515814,0.019990528411365827,3.439219547077107e-10,0.20192320025207036,0.26922522028173235,0.08414597077470755,0.1346398940414793,0.31006571430608865,2.9996450489901267,27.80404939639759,37.07127915031427,11.58657709964563,18.539396463515814,1.9990528411365827,3.4392195470771066e-8,20.192320025207035,26.922522028173233,8.414597077470756,13.463989404147931,31.006571430608865,0.9999999921062772,0.5,0.5,0.5,0.5,0.9765890681292451,18.286659438730204,18.484477237444864,3,3.493988283228555e-4
5,100,100,0.62,0.38,0.24,9,17,36,14,14,10,4,21,13,16,14,32,1.7506860712521695,0.6744897501960817,0.3054807880993974,-0.10043372051146975,-0.4676987991145081,1.3407550336902165,0.6433454053929168,-0.3054807880993974,-0.7063025628400875,-1.2815515655446008,TRUE,0.7887859374011748,0.4812887794110285,5,0.2409876463968123,0.03935392342353569,0.05271059457607728,0.22097006089770313,0.28492955090549843,0.1744684371830202,0.16284791105966068,0.10407344537804031,1,0,0,0,0,0,1,1,0,0,0,0,0,-337.0268170434284,0,154,NA,200,100,100,7,688.0536340868568,711.1418556526932,12,0,0.5760079525093011,0.42401937348264107,0.08999014929705698,0.21227402204224088,0.27371645517806104,0.16760241966629566,0.15643920683813603,0.09997774697820938,0.040007992449011834,0.16771900599780534,0.21626504904388164,0.13242369913575405,0.12360357625275561,0.3199806771207915,8.999014929705698,21.227402204224088,27.371645517806105,16.760241966629565,15.643920683813603,9.997774697820939,4.0007992449011835,16.771900599780533,21.626504904388163,13.242369913575406,12.360357625275562,31.99806771207915,0.7186568403927668,0.5,0.5,0.5,0.5,0.8765659360515703,9.487757867795608,9.789654356184457,3,0.020441436174296945
6,100,100,0.53,0.3,0.23000000000000004,12,20,38,14,11,5,4,14,29,11,8,34,1.7506860712521695,0.9153650878428139,0.0752698620998299,-0.2018934791418509,-0.4124631294414046,1.17498679206609,0.46769879911450835,-0.5244005127080407,-0.9944578832097528,-1.6448536269514726,TRUE,0.7778760130496359,0.6620268778073305,6,0.30263633477871615,0.06648731399081255,0.057360603172321487,0.20848677730055634,0.41083088294796455,0.15327953362921942,0.1164971218086425,0.05354508114129575,1,0,0,0,0,0,1,1,0,0,0,0,0,-318.6799243283959,0,138,NA,200,100,100,7,651.3598486567918,674.4480702226281,26,0,0.5281091660452679,0.30182494275916444,0.1200341647293135,0.19462505147524164,0.3835158410362805,0.1430883891484482,0.10875154109192535,0.04998501251879088,0.04000120046755371,0.14539110316848952,0.28649853031868877,0.10689157737508148,0.08124085985220528,0.3399767288179812,12.003416472931349,19.462505147524165,38.35158410362805,14.30883891484482,10.875154109192534,4.998501251879088,4.000120046755371,14.539110316848951,28.649853031868876,10.689157737508149,8.124085985220528,33.99767288179812,0.7769516251508338,0.5,0.5,0.5,0.5,0.945083897111004,0.06137196955078105,0.06144789270694537,3,0.9960227085040441
7,100,100,0.63,0.45,0.18,4,20,31,17,7,21,3,10,24,19,12,32,1.8807936081512504,1.1263911290388005,0.3318533464368165,-0.15096921549677725,-0.4676987991145081,1.7506860712521695,0.7063025628400875,-0.125661346855074,-0.5828415072712162,-0.8064212470182404,TRUE,0.9105374249121805,0.3725170110168526,7,0.1379039527536498,0.0053989845272766936,0.03479527636815451,0.16157020498070948,0.29623585702365635,0.19388249791155113,0.10231619050752043,0.2111999732084081,1,0,0,0,0,0,1,1,0,0,0,0,0,-326.64739349920467,0,136,NA,200,100,100,7,667.2947869984093,690.3830085642456,17,0,0.5753303333207883,0.5046592241041921,0.040006401736697214,0.1606978899439497,0.2946364842151611,0.1928357293052169,0.10176378697808043,0.21005970782089467,0.02999687021983034,0.1392890350666522,0.25538376139272906,0.16714533507979695,0.08820638340583789,0.3199786148351535,4.000640173669721,16.06978899439497,29.46364842151611,19.28357293052169,10.176378697808044,21.005970782089467,2.999687021983034,13.928903506665218,25.538376139272906,16.714533507979695,8.82063834058379,31.99786148351535,0.5674765074201149,0.5,0.5,0.5,0.5,0.7154893270362694,4.962583213700518,5.019001312450341,3,0.17041105070956364
8,100,100,0.67,0.18,0.49000000000000005,13,35,34,8,5,5,6,12,15,6,9,52,1.5547735945968528,0.9153650878428139,0.4399131656732339,0.27931903444745404,0.050153583464733656,1.1263911290388005,0.050153583464733656,-0.9153650878428141,-1.2815515655446008,-1.6448536269514726,TRUE,0.5322983816870654,0.9316439445229673,8,0.49439204990176105,0.01288044773130559,0.11867104186821775,0.3148445351207736,0.328295668390245,0.09376261877805415,0.09376893234264505,0.05065720350006453,1,0,0,0,0,0,1,1,0,0,0,0,0,-297.25935199579806,0,138,NA,200,100,100,7,608.5187039915961,631.6069255574324,34,0,0.6148221778620178,0.23512077681668622,0.13002295344752018,0.31078919654266324,0.3240670731931304,0.0925549142677331,0.09256114651078529,0.050004716038167835,0.06000102221501186,0.15918790000204733,0.16598889992092297,0.047407125476214604,0.04741031766466522,0.5200047347211381,13.002295344752019,31.078919654266322,32.406707319313035,9.255491426773311,9.256114651078528,5.000471603816783,6.000102221501185,15.918790000204734,16.598889992092296,4.74071254762146,4.741031766466522,52.000473472113804,0.5495314380645275,0.5,0.5,0.5,0.5,0.9753726426807323,7.9795219551619265,7.626897798048902,3,0.05438600523131387
9,100,100,0.55,0.34,0.21000000000000002,5,26,35,23,9,2,4,18,23,12,20,23,1.7506860712521695,0.7721932141886849,0.12566134685507413,-0.17637416478086135,-0.7388468491852137,1.6448536269514715,0.49585034734745304,-0.4124631294414046,-1.2265281200366105,-2.0537489106318225,TRUE,0.6556366171980493,0.5501782745927765,9,0.2142734359460118,8.889771272475332e-79,0.05038822416883741,0.24639615139400148,0.3247891939030286,0.1960288054289835,0.16239491356646374,0.02000271153868527,1,0,0,0,0,0,1,1,0,0,0,0,0,-323.69527071354133,0,176,NA,200,100,100,7,661.3905414270827,684.478762992919,32,0,0.511613134956811,0.3784264305341325,0.05038822416883741,0.24639615139400148,0.3247891939030286,0.1960288054289835,0.16239491356646374,0.02000271153868527,0.03959136624496275,0.1936000014309351,0.2551954973672912,0.154025039745323,0.12759799745642195,0.22999009775506604,5.038822416883741,24.63961513940015,32.478919390302856,19.602880542898347,16.239491356646376,2.000271153868527,3.9591366244962747,19.360000143093508,25.519549736729118,15.4025039745323,12.759799745642194,22.999009775506604,0.5,0.5,0.5,0.5,0.5,0.9658318728448211,9.291743891854502,9.343852060370272,3,0.025051867925917737
10,100,100,0.94,0.04,0.8999999999999999,43,34,19,2,1,1,0,3,3,3,13,78,Inf,1.8807936081512504,1.5547735945968528,1.3407550336902165,0.7721932141886849,0.17637416478086118,-0.7388468491852137,-1.7506860712521695,-2.0537489106318225,-2.3263478740408408,FALSE,NA,NA,10,0.7761106642588724,0.42996664933031703,6.909682915783133e-30,0.4660133299669889,0.27711956699799906,0.06297946803963307,0.17635987022595054,0.01752776476942841,1,0,0,0,0,0,1,1,0,0,0,0,0,-219.27891584295583,0,176,NA,200,100,100,7,452.55783168591165,475.6460532517479,36,0,0.8336204693311291,0.1464228154198626,0.42996664933031703,0.2656431399378193,0.1579673953120011,0.03590039719002625,0.10053100774856905,0.0099914104812673,1.5470043181965032e-30,0.10433541489282004,0.06204411577605091,0.014100431264723021,0.039485094196279526,0.7800349438701265,42.9966649330317,26.56431399378193,15.79673953120011,3.5900397190026254,10.053100774856905,0.99914104812673,1.5470043181965032e-28,10.433541489282003,6.204411577605091,1.4100431264723021,3.9485094196279524,78.00349438701265,1,0.5,0.5,0.5,0.5,0.9974845488384252,41.08114011974882,40.51703429838725,3,8.278357888080734e-9
11,100,100,0.59,0.33,0.25999999999999995,7,39,21,14,14,5,1,22,18,16,21,22,2.3263478740408408,0.7388468491852137,0.2275449766411493,-0.17637416478086135,-0.7721932141886849,1.4757910281791708,0.1004337205114699,-0.4399131656732338,-0.8778962950512285,-1.6448536269514726,TRUE,1.001631306520723,0.7465744731571835,11,0.17624397623936983,0.058557326723395434,0.012135279929092963,0.3455904588610487,0.22092709956000417,0.1699531083052954,0.19827226320232047,0.05312179014223817,1,0,0,0,0,0,1,1,0,0,0,0,0,-325.249575729178,0,158,NA,200,100,100,7,664.499151458356,687.5873730241923,34,0,0.5233312387428811,0.39667419824114825,0.06998199710080064,0.32535360544903413,0.2079901992090169,0.1600011086146056,0.18666196950579514,0.05001112012074748,0.009996509941611801,0.28468222224098916,0.1819900290745179,0.13999989672332985,0.16332797115756462,0.22000337086198657,6.998199710080064,32.53536054490341,20.79901992090169,16.00011086146056,18.666196950579515,5.001112012074748,0.9996509941611801,28.468222224098916,18.19900290745179,13.999989672332985,16.332797115756463,22.000337086198655,0.9183742187226429,0.5,0.5,0.5,0.5,0.9005483542111996,5.79413891582407,5.841060191035955,3,0.11960430868270588
12,100,100,0.59,0.12,0.47,14,42,32,5,7,0,2,13,26,17,16,26,2.053748910631822,1.0364333894937894,0.2275449766411493,-0.2018934791418509,-0.6433454053929168,1.080319340814956,-0.15096921549677725,-1.17498679206609,-1.4757910281791702,-Inf,FALSE,NA,NA,12,0.2592767141818445,0.11505582810800165,0.027925329058530915,0.33888738431451687,0.35549008893885287,0.13603350236646983,0.14166369292150396,2.4001255427563706e-9,1,0,0,0,0,0,1,1,0,0,0,0,0,-310.8603354078822,0,581,NA,200,100,100,7,635.7206708157644,658.8088923816007,24,0,0.4649734949158673,0.24574651664482364,0.13976818530651486,0.29989641567685554,0.314588882371806,0.12038205510126385,0.12536445941958269,2.1239771108713695e-9,0.02068494149778824,0.25102177683176896,0.2633197867545754,0.10076318285424336,0.10493359610195059,0.2592767159596734,13.976818530651485,29.989641567685553,31.4588882371806,12.038205510126385,12.536445941958268,2.1239771108713696e-7,2.068494149778824,25.102177683176897,26.331978675457542,10.076318285424337,10.493359610195059,25.92767159596734,0.911595199063655,0.5,0.5,0.5,0.5,0.9999999965715608,24.867759906214772,26.010073355914038,3,9.491201680589256e-6
13,100,100,0.64,0.37,0.27,16,26,21,21,12,4,8,14,14,19,13,32,1.4050715603096327,0.7721932141886849,0.35845879325119373,-0.125661346855074,-0.4676987991145081,0.9944578832097528,0.20189347914185077,-0.3318533464368165,-0.9944578832097528,-1.7506860712521695,TRUE,0.6928997983442293,0.6490925226712266,13,0.2899895404255678,0.05331886872664947,0.11269577555156617,0.24139869930408792,0.21128432683733456,0.2414778109869644,0.1509034601474215,0.04223992717262548,1,0,0,0,0,0,1,1,0,0,0,0,0,-339.17606119307186,0,132,NA,200,100,100,7,692.3521223861437,715.44034395198,39,0,0.5985751371763193,0.4114476876886607,0.16000583301553373,0.2285275937451093,0.20001888555069622,0.22860248728255175,0.14285745836542396,0.039987742040685025,0.08001517939146456,0.17139560143356564,0.15001408199865046,0.17145177155588245,0.10714303509064275,0.31998033052979413,16.000583301553373,22.85275937451093,20.001888555069623,22.860248728255176,14.285745836542397,3.9987742040685026,8.001517939146456,17.139560143356565,15.001408199865047,17.145177155588247,10.714303509064276,31.998033052979412,0.6666153905822707,0.5,0.5,0.5,0.5,0.9531365098995768,2.3305533998778434,2.3386437391748918,3,0.5051582418376334
14,100,100,0.74,0.08,0.66,47,27,18,5,1,2,3,7,16,11,18,45,1.8807936081512504,1.2815515655446008,0.6433454053929168,0.3318533464368165,-0.125661346855074,0.0752698620998299,-0.6433454053929168,-1.4050715603096322,-1.8807936081512509,-2.0537489106318225,TRUE,0.8795688157523635,1.8416204287329816,14,0.4296107637743863,0.4405876364133132,0.05257389710867856,0.300941432775731,0.30093855586549595,0.14162601191741975,0.16817886832062087,0.03574123401205387,1,0,0,0,0,0,1,1,0,0,0,0,0,-295.38618636693866,0,140,NA,200,100,100,7,604.7723727338773,627.8605942997136,4,0,0.6267065479622264,0.19330276850084066,0.4699981244578424,0.16835035821023567,0.16834874883108128,0.07922734207208006,0.09408133823257268,0.019994088196187934,0.029987585017223168,0.1716537539895911,0.17165211303095942,0.08078195276725672,0.09592741625068701,0.4499971789442826,46.99981244578424,16.835035821023567,16.834874883108128,7.922734207208006,9.408133823257268,1.9994088196187934,2.9987585017223166,17.16537539895911,17.165211303095944,8.078195276725673,9.592741625068701,44.99971789442826,0.9687121219063851,0.5,0.5,0.5,0.5,0.9773482855851187,29.334983292196032,33.47767309007359,3,2.553695729323735e-7
15,100,100,0.58,0.19,0.38999999999999996,4,31,46,9,8,2,0,18,24,13,15,30,Inf,0.9153650878428139,0.20189347914185077,-0.125661346855074,-0.5244005127080407,1.7506860712521695,0.3853204664075676,-0.8778962950512285,-1.2815515655446008,-2.0537489106318225,FALSE,NA,NA,15,0.2850770463107339,0.03998662877190929,9.58397653306372e-19,0.2925320113628676,0.41797104763002596,0.1313700862851973,0.1373023056865521,0.02082454903535702,1,0,0,0,0,0,1,1,0,0,0,0,0,-295.7672006902002,0,160,NA,200,100,100,7,605.5344013804004,628.6226229462367,29,0,0.4920450544595416,0.2779209342964519,0.03998662877190929,0.2808346424206007,0.4012577945110381,0.12611703941317742,0.13181204935953675,0.019991845523737777,6.851804811106526e-19,0.20913784961220325,0.29881709592825506,0.093919490113427,0.09816056992977634,0.2999649944163383,3.998662877190929,28.083464242060067,40.12577945110381,12.611703941317742,13.181204935953675,1.9991845523737777,6.851804811106526e-17,20.913784961220326,29.881709592825505,9.3919490113427,9.816056992977634,29.99649944163383,1,0.5,0.5,0.5,0.5,0.9751838574788154,9.921203578466665,9.894592178126697,3,0.01948372230291784
16,100,100,0.55,0.15,0.4,4,27,54,3,5,7,1,16,28,5,9,41,2.3263478740408408,0.9541652531461942,0.12566134685507413,0,-0.22754497664114945,1.7506860712521695,0.49585034734745304,-1.0364333894937894,-1.17498679206609,-1.4757910281791702,TRUE,0.7527848695113443,0.8526295364114271,16,0.36439675486286477,0.024651080478212566,0.01573736056278942,0.2669284524459332,0.5090153561981414,0.04965965628025139,0.08691343597763228,0.07174573853525235,1,0,0,0,0,0,1,1,0,0,0,0,0,-271.54537501296966,0,168,NA,200,100,100,7,557.0907500259393,580.1789715917756,34,0,0.4968048797381558,0.2031835465301273,0.04000049809925402,0.2603483776827638,0.49646757768785504,0.04843549209676654,0.0847709258727097,0.06997712856065105,0.010002717443602128,0.16966059059406863,0.3235318122241735,0.0315638386841225,0.05524246195340171,0.4099985791006316,4.000049809925402,26.034837768276383,49.646757768785506,4.843549209676654,8.477092587270969,6.997712856065105,1.000271744360213,16.966059059406863,32.35318122241735,3.15638386841225,5.524246195340171,40.999857910063156,0.8081346689364388,0.5,0.5,0.5,0.5,0.9443878264922302,6.449856983978614,6.310915923592003,3,0.09742533049616453
18,100,100,0.69,0.09,0.6,5,43,43,8,0,1,0,11,20,12,14,43,Inf,1.2265281200366105,0.49585034734745304,0.17637416478086118,-0.17637416478086135,1.6448536269514715,0.050153583464733656,-1.3407550336902165,-2.3263478740408408,-2.3263478740408408,FALSE,NA,NA,18,0.42388646043778866,0.050004188324287734,4.629051963842331e-12,0.3538689429722831,0.41278306058933883,0.13106562657268958,0.09175888783835273,0.010523482022706698,1,0,0,0,0,0,1,1,0,0,0,0,0,-278.0567932294181,0,159,NA,200,100,100,7,570.1135864588362,593.2018080246725,25,0,0.5583214006129861,0.2216796192749806,0.05000418832868531,0.33617401370578043,0.3921421786905536,0.12451179629870804,0.08717055913045654,0.009997263845816015,2.666859511706611e-12,0.20386868927690033,0.23780991010744673,0.07550868203973121,0.05286353765884534,0.42994918091440953,5.000418832868531,33.617401370578044,39.21421786905536,12.451179629870804,8.717055913045654,0.9997263845816016,2.666859511706611e-10,20.38686892769003,23.780991010744675,7.550868203973121,5.2863537658845345,42.99491809144095,0.9999999999560278,0.5,0.5,0.5,0.5,0.9929494917704845,26.48309906227675,39.914937471620064,3,1.1106763508905715e-8
19,100,100,0.69,0.34,0.3499999999999999,8,22,36,24,6,4,1,7,23,30,13,26,2.3263478740408408,1.4050715603096327,0.49585034734745304,-0.27931903444745404,-0.6433454053929168,1.4050715603096327,0.5244005127080407,-0.4124631294414046,-1.2815515655446008,-1.7506860712521695,TRUE,0.9428940213828518,0.9466610835445833,19,0.2268843673738517,0.06794969709656318,0.01292875092405923,0.17008421768575543,0.34599261843066376,0.3166654388339041,0.11140828496929168,0.04292068915632585,1,0,0,0,0,0,1,1,0,0,0,0,0,-315.4639755372733,0,146,NA,200,100,100,7,644.9279510745466,668.0161726403829,8,0,0.5910175109124337,0.43899048526474854,0.07999994331149567,0.15852704661310243,0.32248252481065337,0.29514811818419007,0.10383812575158072,0.040004241328977765,0.00999541944971995,0.13149476755584635,0.26749230208200014,0.24481900107491064,0.08613148671382816,0.26006702312369484,7.9999943311495665,15.852704661310243,32.248252481065336,29.514811818419005,10.383812575158071,4.000424132897776,0.9995419449719951,13.149476755584635,26.749230208200014,24.481900107491064,8.613148671382815,26.006702312369484,0.9246859077886315,0.5,0.5,0.5,0.5,0.9362036459846341,12.580861116098136,12.945247429552103,3,0.004756519587637453
20,100,100,0.69,0.17,0.5199999999999999,11,28,44,13,3,1,3,10,18,7,11,51,1.8807936081512504,1.1263911290388005,0.49585034734745304,0.3054807880993974,0.025068908258711057,1.2265281200366105,0.27931903444745404,-0.9541652531461942,-1.7506860712521695,-2.3263478740408408,TRUE,0.5019064802587064,1.1205963633899947,20,0.5048608833352939,0.052603528920601765,0.06057392990789855,0.263417501823057,0.4297695061732459,0.13859251248877233,0.09708735841807199,0.010559191188954209,1,0,0,0,0,0,1,1,0,0,0,0,0,-286.053584345726,0,719,NA,200,100,100,7,586.107168691452,609.1953902572883,24,0,0.6267834750297533,0.23328601847146035,0.10999105635475567,0.24956081164771518,0.40716211352606885,0.13130205724989033,0.09198022075170212,0.010003740469867893,0.02999252214750671,0.13042830916669207,0.21279569365604792,0.06862257421003298,0.04807174888643388,0.5100891519332864,10.999105635475567,24.95608116477152,40.716211352606884,13.130205724989032,9.198022075170211,1.0003740469867894,2.999252214750671,13.042830916669207,21.279569365604793,6.8622574210032985,4.807174888643388,51.00891519332864,0.7391263920174512,0.5,0.5,0.5,0.5,0.9948751423372004,14.009864190889433,13.42469918077786,3,0.003802648171449041
21,100,100,0.58,0.4,0.17999999999999994,6,17,37,13,19,8,5,12,25,15,21,22,1.6448536269514715,0.9541652531461942,0.20189347914185077,-0.17637416478086135,-0.7721932141886849,1.5547735945968528,0.7388468491852137,-0.2533471031357998,-0.612812991016627,-1.4050715603096322,TRUE,0.8175433665822014,0.3668082348151186,21,0.1520818725773684,0.0011124110441078476,0.0589625323706511,0.1570228163919053,0.3356819000255621,0.15161047348802026,0.21663127335960952,0.08009100436425176,1,0,0,0,0,0,1,1,0,0,0,0,0,-332.8853717554076,0,146,NA,200,100,100,7,679.7707435108152,702.8589650766515,1,0,0.5322313394471836,0.4478340209079982,0.060009352842561266,0.156848142476774,0.33530848377266653,0.15144182032290976,0.21639029033862514,0.08000191024646328,0.04999540003581878,0.13314249243765205,0.2846307680793456,0.12855326877762066,0.18368558364826032,0.21999248702130259,6.000935284256126,15.6848142476774,33.53084837726665,15.144182032290976,21.639029033862514,8.000191024646327,4.9995400035818784,13.314249243765206,28.463076807934563,12.855326877762066,18.368558364826033,21.99924870213026,0.5092686472309269,0.5,0.5,0.5,0.5,0.8456524234908117,2.380486962362675,2.3826374769804177,3,0.4968748341609158
22,100,100,0.62,0.31,0.31,22,28,19,14,14,3,7,16,15,12,16,34,1.4757910281791708,0.7388468491852137,0.3054807880993974,0,-0.4124631294414046,0.7721932141886849,0,-0.4958503473474532,-0.9541652531461942,-1.8807936081512509,TRUE,0.7140563099190091,0.7869302863047073,22,0.3164229801838088,0.1309844957895446,0.1024124050321155,0.2833736185838374,0.2189807346993442,0.1674781646113175,0.1932350981880834,0.034519978885302005,1,0,0,0,0,0,1,1,0,0,0,0,0,-334.9948203803341,0,138,NA,200,100,100,7,683.9896407606682,707.0778623265045,46,0,0.5865953416669305,0.34346381480336485,0.21998246358593382,0.24625606803357475,0.19029765357712655,0.14554112166394573,0.16792429628307415,0.029998396856344995,0.07000676662406222,0.19370769368606966,0.14969019802293773,0.11448422464928992,0.13209107254329916,0.3400200444743414,21.99824635859338,24.625606803357474,19.029765357712655,14.554112166394573,16.792429628307413,2.9998396856344995,7.000676662406222,19.370769368606965,14.969019802293774,11.448422464928992,13.209107254329917,34.00200444743414,0.79771576709881,0.5,0.5,0.5,0.5,0.9653004805540025,2.1507572060567273,2.15865389379443,3,0.5401381100023985
23,100,100,0.8,0.2,0.6000000000000001,0,21,59,17,2,1,0,2,18,28,24,28,Inf,2.053748910631822,0.8416212335729144,0.050153583464733656,-0.5828415072712162,Inf,0.8064212470182404,-0.8416212335729142,-1.8807936081512509,-2.3263478740408408,FALSE,NA,NA,23,0.272732740812592,3.289653382174933e-11,9.709849515982975e-13,0.13318100214855377,0.44577905037521265,0.26052202843772154,0.15051087399197371,0.010007045045567375,1,0,0,0,0,0,1,1,0,0,0,0,0,-281.52024765230897,0,1204,NA,200,100,100,7,577.0404953046179,600.1287168704542,22,0,0.5789413094213366,0.42103994746141193,3.386751877331569e-11,0.13318100214417258,0.44577905036054805,0.2605220284291513,0.15051087398702243,0.010007045045238179,7.061655644611118e-13,0.096858182408411,0.3242005081695464,0.1894691415798457,0.10946163080604406,0.28001053703544676,3.386751877331569e-9,13.318100214417258,44.5779050360548,26.05220284291513,15.051087398702242,1.0007045045238179,7.061655644611118e-11,9.6858182408411,32.420050816954635,18.94691415798457,10.946163080604405,28.001053703544677,0.9856649529293035,0.5,0.5,0.5,0.5,0.9870044243693347,55.96469738172013,61.673085097617054,3,2.580158309228864e-13
24,100,100,0.74,0.31,0.43,7,36,26,15,15,1,1,10,15,19,30,25,2.3263478740408408,1.2265281200366105,0.6433454053929168,0.12566134685507413,-0.6744897501960817,1.4757910281791708,0.17637416478086118,-0.4958503473474532,-0.9944578832097528,-2.3263478740408408,TRUE,0.8023480645554032,1.0768136179659762,24,0.24193392560313917,0.057539691350554575,0.013196938000031262,0.2704935747003777,0.24112586992310003,0.19993877143825545,0.2646312705801686,0.010613575358066951,1,0,0,0,0,0,1,1,0,0,0,0,0,-321.45534940135934,0,298,NA,200,100,100,7,656.9106988027187,679.998920368555,37,0,0.6021545050454358,0.44784169869780766,0.06997728161129163,0.2549294578998098,0.22725156179109088,0.18843435624068916,0.24940446894928062,0.010002873507837927,0.010004150983742457,0.20505200232268936,0.18278934164813254,0.1515667995839295,0.2006079884513619,0.24997971701014424,6.997728161129163,25.49294578998098,22.72515617910909,18.843435624068917,24.940446894928062,1.0002873507837926,1.0004150983742457,20.505200232268937,18.278934164813254,15.15667995839295,20.06079884513619,24.997971701014425,0.9111312273472902,0.5,0.5,0.5,0.5,0.9839071115384163,21.417511557192253,22.200285350757444,3,5.926164275382728e-5
25,100,100,0.54,0.36,0.18000000000000005,0,32,32,16,16,4,2,22,22,16,12,26,2.053748910631822,0.7063025628400875,0.1004337205114699,-0.3054807880993974,-0.6433454053929168,Inf,0.46769879911450835,-0.35845879325119373,-0.8416212335729142,-1.7506860712521695,FALSE,NA,NA,25,0.2291536440522328,1.7406337259508445e-20,0.011295827730809971,0.30493384193262596,0.30495153896656474,0.1807081938143159,0.15811340462835383,0.03999719292732973,1,0,0,0,0,0,1,1,0,0,0,0,0,-310.7839943683924,0,162,NA,200,100,100,7,635.5679887367849,658.6562103026212,35,0,0.5211647289443344,0.37881879136999946,0.011295827730809971,0.30493384193262596,0.30495153896656474,0.1807081938143159,0.15811340462835383,0.03999719292732973,0.008707347643708603,0.23505714085891716,0.23507078255303995,0.13929825269166826,0.12188114178426138,0.2599853344684047,1.129582773080997,30.493384193262596,30.495153896656475,18.07081938143159,15.811340462835382,3.9997192927329728,0.8707347643708603,23.505714085891714,23.507078255303995,13.929825269166827,12.188114178426138,25.998533446840472,0.5,0.5,0.5,0.5,0.5,0.9407049430707046,2.3564455974499565,4.2160863136920135,3,0.2390562670230325
26,100,100,0.76,0.24,0.52,2,23,51,11,8,5,1,7,16,13,15,48,2.3263478740408408,1.4050715603096327,0.7063025628400875,0.3318533464368165,-0.050153583464733656,2.053748910631822,0.6744897501960817,-0.7063025628400875,-1.1263911290388005,-1.6448536269514726,TRUE,0.6246102685936629,1.0374895284594228,26,0.4525906290469388,0.0017790922166707624,0.018255875337600366,0.19407962793193906,0.4334800510339326,0.1553022252929656,0.14881441419268676,0.050067806210875476,1,0,0,0,0,0,1,1,0,0,0,0,0,-287.2411750609735,0,150,NA,200,100,100,7,588.482350121947,611.5705716877833,38,-5.684341886080802e-14,0.6464745136670338,0.3535543189059233,0.020002488668549492,0.193734342376471,0.4327088500490561,0.15502592831271525,0.14854965962666813,0.04997873096653993,0.00999343723475332,0.10624100704102693,0.2372910420571859,0.0850138934552329,0.08146240486196696,0.47999821534983395,2.000248866854949,19.3734342376471,43.270885004905615,15.502592831271524,14.854965962666814,4.9978730966539935,0.999343723475332,10.624100704102693,23.729104205718592,8.50138934552329,8.146240486196696,47.9998215349834,0.5444717716417977,0.5,0.5,0.5,0.5,0.9714503247861871,18.431118933241148,18.116020285026007,3,4.162673711299858e-4
27,100,100,0.56,0.05,0.51,52,35,8,3,2,0,17,16,11,11,10,35,0.9541652531461942,0.4399131656732339,0.1509692154967774,-0.125661346855074,-0.3853204664075676,-0.050153583464733656,-1.1263911290388005,-1.6448536269514726,-2.0537489106318225,-Inf,FALSE,NA,NA,27,0.3499970694802123,0.3481195305694298,0.26366195150217603,0.3914255862769351,0.14429572417096131,0.10775789398356599,0.0928588389990834,5.0672781526373e-9,1,0,0,0,0,0,1,1,0,0,0,0,0,-286.2788061104636,0,204,NA,200,100,100,7,586.5576122209272,609.6458337867635,5,0,0.4803985371239858,0.1307781333756165,0.5199956072856485,0.2551626949293446,0.09406356440939034,0.07024526651485662,0.060532863557500226,3.3032596608764758e-9,0.17138104114298056,0.25442777816043377,0.09379264357259981,0.07004294687595848,0.060358517474069354,0.349997072773958,51.99956072856485,25.516269492934462,9.406356440939035,7.024526651485662,6.053286355750022,3.303259660876476e-7,17.138104114298056,25.442777816043378,9.37926435725998,7.0042946875958485,6.0358517474069355,34.9997072773958,0.834733145522706,0.5,0.5,0.5,0.5,0.9999999952946096,17.423637165366046,18.414126960396406,3,3.6128304871563266e-4
28,100,100,0.54,0.36,0.18000000000000005,9,29,26,16,18,2,4,15,27,17,24,13,1.7506860712521695,0.8778962950512288,0.1004337205114699,-0.3318533464368165,-1.1263911290388005,1.3407550336902165,0.3054807880993974,-0.35845879325119373,-0.8416212335729142,-2.0537489106318225,TRUE,0.8680683867942927,0.5332544747754642,28,0.11134513457130102,0.04713171018605804,0.045004223053570505,0.2389609251259982,0.28781672353289617,0.1791725970410835,0.22805533856769594,0.02099019267875568,1,0,0,0,0,0,1,1,0,0,0,0,0,-330.80315743493315,0,136,NA,200,100,100,7,675.6063148698663,698.6945364357026,38,0,0.49188325773878994,0.40803547556867076,0.09001480724151895,0.22769828805716735,0.27425142913264294,0.17072788612405979,0.21730670044393996,0.02000088900067105,0.03999322178139385,0.21235378876056135,0.2557697317192549,0.15922260011205455,0.20266248620517222,0.1299981714215631,9.001480724151895,22.769828805716735,27.425142913264295,17.07278861240598,21.730670044393996,2.000088900067105,3.999322178139385,21.235378876056135,25.576973171925488,15.922260011205456,20.26624862051722,12.999817142156312,0.7617997617858517,0.5,0.5,0.5,0.5,0.9282565414332895,5.157524344119978,5.232844636060851,3,0.1555198392051227
29,100,100,0.73,0.47,0.26,7,25,21,10,21,16,4,8,15,8,20,45,1.7506860712521695,1.17498679206609,0.612812991016627,0.3853204664075676,-0.125661346855074,1.4757910281791708,0.46769879911450835,-0.0752698620998299,-0.3318533464368165,-0.9944578832097528,TRUE,0.7762803549904447,0.6754943736568629,29,0.34403520747704025,0.009640501925575869,0.06092969120180088,0.20044125419959888,0.21868893750594293,0.10933422082046883,0.24903815916156635,0.1615677371106221,1,0,0,0,0,0,1,1,0,0,0,0,0,-323.595430204101,0,138,NA,200,100,100,7,661.190860408202,684.2790819740383,17,-5.684341886080802e-14,0.6850976185100887,0.5149276333926414,0.06998280032202105,0.1985088999025228,0.21658066638281476,0.10828018405411777,0.2466373063086274,0.16001014302989622,0.03996773224767732,0.1314824057240817,0.14345224351815236,0.0717193994761583,0.16336026440471668,0.45001795462921357,6.998280032202104,19.85088999025228,21.658066638281475,10.828018405411777,24.66373063086274,16.00101430298962,3.996773224767732,13.14824057240817,14.345224351815236,7.171939947615829,16.336026440471667,45.00179546292136,0.5688776519460194,0.5,0.5,0.5,0.5,0.8822460903371107,4.926268529157151,5.126650360739908,3,0.16275464709748544
30,100,100,0.57,0.36,0.20999999999999996,4,19,41,26,9,1,2,11,30,23,18,16,2.053748910631822,1.1263911290388005,0.17637416478086118,-0.4124631294414046,-0.9944578832097528,1.7506860712521695,0.7388468491852137,-0.35845879325119373,-1.2815515655446008,-2.3263478740408408,TRUE,0.7513855120567875,0.6118516670751724,30,0.1514118284422379,0.016832915102562417,0.02357314060563498,0.1638120102074879,0.3875819554343651,0.2674526612394293,0.14742079934423824,0.0101594331688446,1,0,0,0,0,0,1,1,0,0,0,0,0,-307.5773859795719,0,181,NA,200,100,100,7,629.1547719591438,652.2429935249801,42,0,0.5120897146035867,0.41787835113617966,0.040009251033681976,0.16105457654688515,0.3810578212832533,0.2629506532988316,0.1449392775445248,0.009988420292823283,0.020003888284409823,0.1390089342211736,0.3288974628908299,0.22695716477942485,0.12509954656511085,0.16003300325905104,4.000925103368198,16.105457654688514,38.10578212832533,26.295065329883162,14.493927754452478,0.9988420292823282,2.000388828440982,13.900893422117361,32.889746289082986,22.695716477942483,12.509954656511086,16.003300325905105,0.7103627869513421,0.5,0.5,0.5,0.5,0.9730643847167646,6.098506537101993,6.156789452322399,3,0.1042263163953876
31,100,100,0.72,0.4,0.31999999999999995,13,34,13,19,20,1,0,16,12,24,18,30,Inf,0.9944578832097528,0.5828415072712162,-0.050153583464733656,-0.5244005127080407,1.1263911290388005,0.0752698620998299,-0.2533471031357998,-0.8064212470182404,-2.3263478740408408,FALSE,NA,NA,31,0.291866680067609,0.13001264974028112,2.1980371396596396e-19,0.31683074947346623,0.15844620418738542,0.2724651999301026,0.24076719549041767,0.011490650918627998,1,0,0,0,0,0,1,1,0,0,0,0,0,-316.9298526854668,0,182,NA,200,100,100,7,647.8597053709336,670.9479269367699,43,0,0.6634405529167878,0.45650241270480324,0.13001264974028112,0.2756387442152217,0.1378461933396938,0.2370412773251745,0.20946441443417219,0.009996720945456576,1.556503337041877e-19,0.22435841048131328,0.11220103660189874,0.1929416865925462,0.17049527347344046,0.30000359285080125,13.001264974028112,27.563874421522172,13.784619333969381,23.70412773251745,20.946441443417218,0.9996720945456576,1.556503337041877e-17,22.435841048131326,11.220103660189874,19.29416865925462,17.049527347344046,30.000359285080126,1,0.5,0.5,0.5,0.5,0.9864386411078101,5.624893679941407,5.71189413535802,3,0.12650020932114525
32,100,100,0.81,0.28,0.53,4,24,44,15,12,1,0,5,14,18,30,33,Inf,1.6448536269514715,0.8778962950512288,0.3318533464368165,-0.4399131656732338,1.7506860712521695,0.5828415072712162,-0.5828415072712162,-1.1263911290388005,-2.3263478740408408,FALSE,NA,NA,32,0.32291979062108145,0.04000701518906819,4.229080408021817e-14,0.1771496290792476,0.354261959914251,0.20160099457227434,0.25657219990503877,0.01041521652914601,1,0,0,0,0,0,1,1,0,0,0,0,0,-304.43785987455897,0,158,NA,200,100,100,7,622.8757197491179,645.9639413149542,28,0,0.6401917300578696,0.44984158732990237,0.04000701518910879,0.17006240117793633,0.3400889963030525,0.1935355405202901,0.24630751200634524,0.009998534803267031,2.863426648143694e-14,0.11994450794837473,0.23986376199372714,0.13650004361599374,0.1737199588325134,0.3299717276093624,4.000701518910879,17.006240117793634,34.00889963030525,19.35355405202901,24.630751200634524,0.9998534803267031,2.863426648143694e-12,11.994450794837473,23.986376199372714,13.650004361599374,17.37199588325134,32.99717276093624,0.9999999999994925,0.5,0.5,0.5,0.5,0.9893143315044413,32.069967961727635,33.21524710667439,3,2.9009459301398977e-7
33,100,100,0.71,0.56,0.1499999999999999,19,14,11,25,13,18,24,2,3,4,7,60,0.7063025628400875,0.6433454053929168,0.5533847195556728,0.4399131656732339,0.2533471031357998,0.8778962950512288,0.4399131656732339,0.1509692154967774,-0.4958503473474532,-0.9153650878428141,TRUE,0.24476616123310274,0.5164406846124847,33,0.512151492193689,4.612316907562476e-19,0.28903040888035236,0.1075481672658515,0.09409022807985981,0.19492310785208244,0.13443995214957807,0.17996813577227588,1,0,0,0,0,0,1,1,0,0,0,0,0,-299.9250322065857,0,162,NA,200,100,100,7,613.8500644131714,636.9382859790077,31,0,0.760627956031208,0.5093311957739364,0.28903040888035236,0.1075481672658515,0.09409022807985981,0.19492310785208244,0.13443995214957807,0.17996813577227588,0.14100305368292781,0.05246721291794919,0.045901777367915064,0.09509294730260703,0.0655863300457235,0.5999486786828774,28.903040888035235,10.75481672658515,9.40902280798598,19.492310785208243,13.443995214957807,17.996813577227588,14.100305368292782,5.246721291794919,4.590177736791507,9.509294730260704,6.558633004572351,59.99486786828774,0.5,0.5,0.5,0.5,0.5,0.9268294192413778,18.94423884293242,19.569121032058323,3,2.0846984141764668e-4
34,100,100,0.86,0.44,0.42,25,15,16,25,14,5,0,5,9,10,24,52,Inf,1.6448536269514715,1.080319340814956,0.7063025628400875,0.050153583464733656,0.6744897501960817,0.2533471031357998,-0.15096921549677725,-0.8778962950512285,-1.6448536269514726,FALSE,NA,NA,34,0.4857002753285763,0.24998010776856697,3.749871428643378e-10,0.15818039158073774,0.19777661708719355,0.276815284060403,0.3005571644793876,0.06667054241729087,1,0,0,0,0,0,1,1,0,0,0,0,0,-303.7267523033106,0,1242,NA,200,100,100,7,621.4535046066212,644.5417261724575,40,0,0.8169314082543635,0.48304505467004005,0.24998010804981477,0.1186384402465108,0.1483363970336343,0.207616969518997,0.22542385211221536,0.050004233038827686,1.9285578433045275e-10,0.0813521318383914,0.10171645971438924,0.14236602437710721,0.15457646693977284,0.5199889169374835,24.998010804981476,11.86384402465108,14.83363970336343,20.7616969518997,22.542385211221536,5.000423303882768,1.9285578433045276e-8,8.135213183839141,10.171645971438924,14.236602437710722,15.457646693977283,51.99889169374835,0.9999999994374597,0.5,0.5,0.5,0.5,0.9670294495786055,12.34780627991918,12.39739616195591,3,0.006138734271439961
35,100,100,0.59,0.32,0.26999999999999996,1,17,50,15,9,8,0,13,28,10,12,37,Inf,1.1263911290388005,0.2275449766411493,-0.025068908258711057,-0.3318533464368165,2.3263478740408408,0.9153650878428139,-0.4676987991145081,-0.9541652531461942,-1.4050715603096322,FALSE,NA,NA,35,0.31467456161650126,0.01000845459228431,4.562328231633477e-33,0.17908856253222516,0.4655338285952942,0.14922178582531348,0.12533813081626877,0.08081769223089841,1,0,0,0,0,0,1,1,0,0,0,0,0,-288.7134649762878,0,169,NA,200,100,100,7,591.4269299525756,614.5151515184119,31,0,0.5582238772087137,0.35182082821096583,0.01000845459228431,0.17729616278612392,0.4608745544106259,0.14772830635770126,0.12408368982531236,0.08000883202795225,3.126679595393626e-33,0.12273394762686785,0.3190421751644186,0.10226548578710153,0.08589740944782771,0.3700609819737844,1.000845459228431,17.729616278612394,46.087455441062595,14.772830635770125,12.408368982531236,8.000883202795226,3.1266795953936255e-31,12.273394762686785,31.904217516441857,10.226548578710153,8.589740944782772,37.00609819737844,1,0.5,0.5,0.5,0.5,0.9251658198847794,3.181624397984364,3.142545744337596,3,0.37016529070342385
36,100,100,0.45,0.36,0.09000000000000002,9,22,33,24,8,4,7,16,32,22,3,20,1.4757910281791708,0.7388468491852137,-0.125661346855074,-0.7388468491852137,-0.8416212335729142,1.3407550336902165,0.49585034734745304,-0.35845879325119373,-1.17498679206609,-1.7506860712521695,TRUE,0.7871113823688259,0.3295745711000407,36,0.16645481479746055,0.006580455891090042,0.08397344229131874,0.20796009355236886,0.3557974109983484,0.2518011652235582,0.060213259972041314,0.04025462796236445,1,0,0,0,0,0,1,1,0,0,0,0,0,-320.4102890174827,0,139,NA,200,100,100,7,654.8205780349654,677.9087996008017,14,0,0.4600869879531389,0.34995096219186195,0.09000131464938778,0.20659162132964054,0.35345610182910975,0.2501441987624795,0.05981702927073656,0.03998973415864587,0.06999565850681204,0.17334413469484675,0.2965732188452024,0.20988764890048608,0.050190472935043834,0.20000886611760896,9.000131464938779,20.659162132964052,35.345610182910974,25.01441987624795,5.9817029270736555,3.9989734158645875,6.999565850681204,17.334413469484673,29.657321884520236,20.988764890048607,5.019047293504383,20.000886611760897,0.5365575542797629,0.5,0.5,0.5,0.5,0.9161185902118508,2.1135327589481614,2.185428048436332,3,0.5348242916409965
37,100,100,0.71,0.44,0.26999999999999996,2,26,28,7,18,19,1,12,16,5,17,49,2.3263478740408408,1.1263911290388005,0.5533847195556728,0.41246312944140484,-0.025068908258711057,2.053748910631822,0.5828415072712162,-0.15096921549677725,-0.3318533464368165,-0.8778962950512285,TRUE,0.8012080363422147,0.6742558791739695,37,0.3697461775376095,0.004200950982743465,0.01586244844787175,0.2336995449466157,0.2706035390527484,0.07378758525501952,0.21522824272960533,0.19081863956813927,1,0,0,0,0,0,1,1,0,0,0,0,0,-300.14379767907644,0,296,NA,200,100,100,7,614.2875953581529,637.3758169239892,50,0,0.672163684861945,0.4778187064747442,0.01999676206221941,0.23271778461360554,0.26946674684943095,0.07347760722622819,0.21432407943179627,0.19001701981671973,0.009997368767883784,0.14729003151032577,0.17054891485984544,0.046504907657245576,0.13564842268219696,0.49001035452250247,1.999676206221941,23.271778461360555,26.946674684943094,7.3477607226228185,21.432407943179626,19.001701981671975,0.9997368767883784,14.729003151032577,17.054891485984545,4.650490765724557,13.564842268219696,49.00103545225025,0.6050407803441455,0.5,0.5,0.5,0.5,0.8772840452503436,2.3942384004923505,2.3840095551244245,3,0.4966181800142293
38,100,100,0.63,0.37,0.26,14,27,22,11,19,7,10,16,11,13,12,38,1.2815515655446008,0.6433454053929168,0.3318533464368165,0,-0.3054807880993974,1.080319340814956,0.2275449766411493,-0.3318533464368165,-0.6433454053929168,-1.4757910281791702,TRUE,0.6333335756294907,0.5350498531733233,38,0.3333141797529865,1.408456367570207e-48,0.14404225754042693,0.2580125546401462,0.19799632928655791,0.14397433292007747,0.185978907127282,0.0699956184855095,1,0,0,0,0,0,1,1,0,0,0,0,0,-337.38466054677656,0,172,NA,200,100,100,7,688.7693210935531,711.8575426593894,4,-5.684341886080802e-14,0.599954412560829,0.399948858532869,0.14404225754042693,0.2580125546401462,0.19799632928655791,0.14397433292007747,0.185978907127282,0.0699956184855095,0.0960309306185711,0.17201331162429329,0.13200134519630666,0.09598564623733845,0.12398950024679514,0.3799792660766954,14.404225754042693,25.801255464014623,19.799632928655793,14.397433292007747,18.597890712728198,6.99956184855095,9.603093061857109,17.20133116242933,13.200134519630666,9.598564623733845,12.398950024679515,37.99792660766954,0.5,0.5,0.5,0.5,0.5,0.9385952202003964,2.8071853444416686,2.77225793744199,3,0.42808713881646665
39,100,100,0.52,0.27,0.25,3,36,34,17,10,0,1,17,30,31,13,8,2.3263478740408408,0.9153650878428139,0.050153583464733656,-0.8064212470182404,-1.4050715603096322,1.8807936081512504,0.27931903444745404,-0.612812991016627,-1.2815515655446008,-Inf,FALSE,NA,NA,39,0.08000442342498415,0.017806173790997793,0.012649109599823348,0.27738972435788645,0.3365658363279607,0.25017331646615004,0.12322200183880361,1.1409375888504769e-8,1,0,0,0,0,0,1,1,0,0,0,0,0,-296.809264512599,0,520,NA,200,100,100,7,607.618529025198,630.7067505910343,2,0,0.4235264750759369,0.3667465875806893,0.030230051146985307,0.27245047471813294,0.33057288655419254,0.24571868691528348,0.12102788945918722,1.1206218558587234e-8,0.011637124879450048,0.25519731939661844,0.3096390806479946,0.23015834452595962,0.11336369662841779,0.0800044339215595,3.0230051146985306,27.245047471813294,33.057288655419256,24.571868691528348,12.102788945918721,1.1206218558587234e-6,1.1637124879450047,25.519731939661845,30.963908064799462,23.01583445259596,11.33636966284178,8.00044339215595,0.7945111423136562,0.5,0.5,0.5,0.5,0.99999993440004,11.450195864871842,11.59701439909834,3,0.008899179008592495
40,100,100,0.7,0.08,0.62,37,24,31,5,0,3,8,7,15,6,9,55,1.4050715603096327,1.0364333894937894,0.5244005127080407,0.35845879325119373,0.12566134685507413,0.3318533464368165,-0.27931903444745404,-1.4050715603096322,-1.8807936081512509,-1.8807936081512509,TRUE,0.513743463123624,1.2154747231836562,40,0.5315274856512061,0.2403038830621156,0.1707105627830162,0.25241913724927617,0.37453781901053357,0.0895435646123596,0.07328917837285011,0.03949973797196438,1,0,0,0,0,0,1,1,0,0,0,0,0,-282.8547327331082,0,1030,NA,200,100,100,7,579.7094654662164,602.7976870320527,8,0,0.6263146917396429,0.1537112001135736,0.36999203472865394,0.191761838409086,0.2845349267486865,0.06802589833278615,0.05567750422342221,0.030007797557365243,0.07997320657285724,0.11825142789692171,0.17546067379057814,0.04194869885770579,0.03433396566688634,0.5500320272150508,36.999203472865396,19.1761838409086,28.453492674868652,6.802589833278614,5.567750422342221,3.0007797557365246,7.997320657285724,11.82514278969217,17.546067379057813,4.194869885770578,3.433396566688634,55.00320272150508,0.824741968078246,0.5,0.5,0.5,0.5,0.9831786690153864,14.059295674059701,22.602279182861075,3,4.8873129959048356e-5
41,100,100,0.46,0.33,0.13,0,5,62,26,6,1,0,2,52,21,14,11,Inf,2.053748910631822,-0.10043372051146975,-0.6744897501960817,-1.2265281200366105,Inf,1.6448536269514715,-0.4399131656732338,-1.4757910281791702,-2.3263478740408408,FALSE,NA,NA,41,0.10103286523645902,1.8405116131392771e-35,1.6663307396435927e-16,0.036857650630287966,0.6002786117148116,0.24753878688049444,0.10532622094812298,0.009998729826282915,1,0,0,0,0,0,1,1,0,0,0,0,0,-230.283200393692,0,145,NA,200,100,100,7,474.566400787384,497.65462235322025,32,0,0.42723543978567396,0.3628637376549003,1.6663307396435927e-16,0.036857650630287966,0.6002786117148116,0.24753878688049444,0.10532622094812298,0.009998729826282915,1.4979765705858124e-16,0.03313381658122559,0.5396307436331003,0.2225292339848009,0.09468481106120576,0.11002139473966732,1.6663307396435926e-14,3.685765063028797,60.027861171481156,24.753878688049443,10.532622094812298,0.9998729826282915,1.4979765705858123e-14,3.3133816581225592,53.96307436331003,22.25292339848009,9.468481106120576,11.002139473966732,0.5,0.5,0.5,0.5,0.5,0.9591509927479244,5.378018260501718,5.498681939816927,3,0.13871747323223727
42,100,100,0.33,0.27,0.06,10,26,37,13,11,3,10,30,27,10,12,11,1.2815515655446008,0.2533471031357998,-0.4399131656732338,-0.7388468491852137,-1.2265281200366105,1.2815515655446008,0.35845879325119373,-0.612812991016627,-1.080319340814956,-1.8807936081512509,TRUE,0.7817885655787857,0.12830472439040438,42,0.0824999062268166,2.138125937175248e-28,0.10429850444871668,0.292049723584523,0.33372896190256823,0.11995180859320448,0.11996802942152932,0.030002972049458343,1,0,0,0,0,0,1,1,0,0,0,0,0,-324.37904157157755,0,159,NA,200,100,100,7,662.7580831431551,685.8463047089914,29,1.1368683772161603e-13,0.3301541097722341,0.26992281006419216,0.10429850444871668,0.292049723584523,0.33372896190256823,0.11995180859320448,0.11996802942152932,0.030002972049458343,0.09569388761210033,0.26795564877523215,0.30619635384043353,0.11005579563252806,0.11007067824403717,0.11002763589566883,10.429850444871667,29.204972358452302,33.372896190256824,11.995180859320447,11.996802942152932,3.0002972049458343,9.569388761210034,26.795564877523216,30.619635384043352,11.005579563252805,11.007067824403718,11.002763589566882,0.5,0.5,0.5,0.5,0.5,0.8749053842483957,1.9425645015258368,1.9466021283630388,3,0.5835632648060037
43,100,100,0.73,0.3,0.43,6,40,24,18,7,5,4,11,12,10,14,49,1.7506860712521695,1.0364333894937894,0.612812991016627,0.3318533464368165,-0.025068908258711057,1.5547735945968528,0.1004337205114699,-0.5244005127080407,-1.17498679206609,-1.6448536269514726,TRUE,0.5481076341516196,0.9264978219094684,43,0.463140279030158,1.770061720234801e-7,0.0650515407112036,0.33185587737897004,0.23426382479536548,0.18220197983860562,0.13662695744641956,0.04999981982943558,1,0,0,0,0,0,1,1,0,0,0,0,0,-306.96047244842066,0,695,NA,200,100,100,7,627.9209448968413,651.0091664626776,44,0,0.661149582660281,0.3688286918294943,0.06505170620285142,0.3318558186384315,0.2342637833292226,0.18220194758773062,0.13662693326260483,0.049999810979158864,0.03492355199487508,0.17816005373187596,0.12576681161296788,0.0978169040563066,0.07334951025164328,0.48998316835233113,6.505170620285142,33.18558186384315,23.42637833292226,18.22019475877306,13.662693326260483,4.999981097915886,3.492355199487508,17.816005373187597,12.576681161296788,9.781690405630659,7.334951025164329,48.99831683523311,0.5000013605036852,0.5,0.5,0.5,0.5,0.9726083556987908,13.47341606267964,13.226935602919921,3,0.004170682385449265
44,100,100,0.71,0.37,0.33999999999999997,1,36,26,10,15,12,0,17,12,12,15,44,Inf,0.9541652531461942,0.5533847195556728,0.2275449766411493,-0.15096921549677725,2.3263478740408408,0.3318533464368165,-0.3318533464368165,-0.612812991016627,-1.17498679206609,FALSE,NA,NA,44,0.3628235628328049,0.009993835808549527,4.9883579230570505e-12,0.32568077704200005,0.23350606554564599,0.13521751134917698,0.18438387929389227,0.12121176676429624,1,0,0,0,0,0,1,1,0,0,0,0,0,-301.7512952767368,0,838,NA,200,100,100,7,617.5025905534736,640.5908121193099,45,0,0.643699319926052,0.436407743089988,0.009993835813488032,0.3224259768302415,0.2311724442662824,0.13386616974231264,0.1825411770784857,0.12000039626918967,3.1784641287282405e-12,0.20751611716946522,0.14878456290130423,0.08615741212408336,0.11748506327954843,0.4400568445224202,0.9993835813488031,32.24259768302415,23.11724442662824,13.386616974231263,18.254117707848568,12.000039626918966,3.1784641287282404e-10,20.75161171694652,14.878456290130423,8.615741212408336,11.748506327954843,44.00568445224202,0.9999999997529224,0.5,0.5,0.5,0.5,0.9122462442625633,5.698556016190533,5.654833897661951,3,0.12966560972385088
45,100,100,0.74,0.33,0.41,45,11,11,13,6,14,16,8,2,4,7,63,0.9944578832097528,0.7063025628400875,0.6433454053929168,0.5244005127080407,0.3318533464368165,0.12566134685507413,-0.15096921549677725,-0.4399131656732338,-0.8416212335729142,-1.080319340814956,TRUE,0.47883143232002867,0.8686815445724326,45,0.558313919220104,0.13772665135690432,0.362185332401893,0.14571914276704767,0.09967933660396845,0.13035663214022614,0.09972643821693747,0.16233311786992732,1,0,0,0,0,0,1,1,0,0,0,0,0,-276.30177197025625,0,142,NA,200,100,100,7,566.6035439405125,589.6917655063488,12,0,0.7316386874327138,0.3383700206843331,0.4500294107564973,0.12564973319514353,0.08595083536402617,0.11240304971338898,0.08599144982956747,0.1399755211413766,0.159972219984556,0.06436211706338342,0.04402697551934685,0.05757670995368311,0.04404777964617755,0.6300141978328531,45.00294107564973,12.564973319514353,8.595083536402617,11.240304971338897,8.599144982956746,13.99755211413766,15.997221998455599,6.436211706338342,4.402697551934685,5.7576709953683105,4.404777964617755,63.00141978328531,0.6530196116798083,0.5,0.5,0.5,0.5,0.9430962993696124,5.685725071686851,5.860452783553695,3,0.11860043887962013
46,100,100,0.95,0.17,0.7799999999999999,14,30,39,9,4,4,1,0,4,6,18,71,2.3263478740408408,2.3263478740408408,1.6448536269514715,1.2265281200366105,0.5533847195556728,1.080319340814956,0.1509692154967774,-0.9541652531461942,-1.4050715603096322,-1.7506860712521695,TRUE,0.5934172490432252,1.9571386957567474,46,0.6963110041670252,0.11071794107609798,0.032945178949562844,0.2515003282736308,0.3604329904504645,0.12572755577566747,0.18442188818429145,0.04497205836638307,1,0,0,0,0,0,1,1,0,0,0,0,0,-265.90070885297973,0,140,NA,200,100,100,7,545.8014177059595,568.8896392717958,41,0,0.8041574966072094,0.31580318075691866,0.1400154976439816,0.22365472974721162,0.3205265918518882,0.11180725966365529,0.16400307643516032,0.03999284465810303,0.0100050883127304,0.07637788214508245,0.10945953293497777,0.03818207516204679,0.056006898032308634,0.709968523412854,14.001549764398161,22.36547297472116,32.05265918518882,11.180725966365529,16.400307643516033,3.999284465810303,1.00050883127304,7.637788214508245,10.945953293497777,3.8182075162046787,5.600689803230863,70.9968523412854,0.8953774508505525,0.5,0.5,0.5,0.5,0.9903816022855658,47.01822972285614,57.132746351586576,3,2.407518628899652e-12
47,100,100,0.6,0.43,0.16999999999999998,17,26,14,6,12,25,12,18,10,1,12,47,1.17498679206609,0.5244005127080407,0.2533471031357998,0.2275449766411493,-0.0752698620998299,0.9541652531461942,0.17637416478086118,-0.17637416478086135,-0.3318533464368165,-0.6744897501960817,TRUE,0.7586447167006698,0.4289187935482542,47,0.29322886253316044,1.99054755291898e-4,0.16982052154384478,0.257802843522969,0.14062288648592988,0.041013609424857905,0.14066089838236612,0.2500792406400323,1,0,0,0,0,0,1,1,0,0,0,0,0,-316.10411597690455,0,136,NA,200,100,100,7,646.2082319538091,669.2964535196454,33,0,0.5983799504287994,0.4316678058105128,0.1699857727167772,0.25775152664103795,0.14059489483167198,0.041005445470870205,0.14063289916165947,0.2500294611779831,0.1200242431767551,0.18220760895891444,0.09938819743553091,0.02898723538482751,0.09941506314681242,0.46997765189715957,16.99857727167772,25.775152664103796,14.059489483167198,4.10054454708702,14.063289916165948,25.00294611779831,12.00242431767551,18.220760895891445,9.938819743553092,2.898723538482751,9.941506314681241,46.997765189715956,0.500585504163409,0.5,0.5,0.5,0.5,0.811960431894456,2.857782389878773,3.161179826599294,3,0.3674357860838984
48,100,100,0.74,0.34,0.39999999999999997,4,31,31,17,12,5,1,7,18,11,21,42,2.3263478740408408,1.4050715603096327,0.6433454053929168,0.3318533464368165,-0.2018934791418509,1.7506860712521695,0.3853204664075676,-0.4124631294414046,-0.9541652531461942,-1.6448536269514726,TRUE,0.7526747492601185,1.0327345976637037,48,0.3887099821318749,0.024015767056319463,0.016378846180584487,0.23939344402287502,0.30872615484691085,0.176382761346663,0.20789475652041828,0.051224037082548524,1,0,0,0,0,0,1,1,0,0,0,0,0,-311.4908821802328,0,262,NA,200,100,100,7,636.9817643604656,660.0699859263019,30,0,0.6549277354386304,0.4250426510532946,0.040001262682379746,0.2336442268364116,0.3013118594279142,0.17214679403741115,0.20290200447559367,0.04999385254028977,0.010012225174388763,0.14633882267425527,0.18872121671272568,0.10782102133523087,0.12708398942805602,0.4200227246753435,4.000126268237975,23.36442268364116,30.131185942791422,17.214679403741115,20.290200447559368,4.999385254028977,1.0012225174388762,14.633882267425527,18.872121671272566,10.782102133523088,12.708398942805601,42.002272467534354,0.800187612163781,0.5,0.5,0.5,0.5,0.962724942361545,15.347128563446093,15.763862320297791,3,0.001267652750353121
49,100,100,0.23,0.1,0.13,0,3,87,6,4,0,0,2,75,6,10,7,Inf,2.053748910631822,-0.7388468491852137,-0.9541652531461942,-1.4757910281791702,Inf,1.8807936081512504,-1.2815515655446008,-1.7506860712521695,-Inf,NA,NA,NA,49,0.070159630686618707,3.3922440517071764e-15,9.873937003772434e-5,0.02598074917627451,0.8390921426219348,0.06226948311493784,0.07255888552263971,1.9417545349398324e-10,1,0,0,0,0,0,1,1,0,0,0,0,0,-142.07874294434572,0,578,NA,200,100,100,7,298.15748588869144,321.2457074545277,20,0,0.1955284909550567,0.13482836883175253,9.873937004111624e-5,0.02598074917627442,0.8390921426219319,0.06226948311493762,0.07255888552263946,1.9417545349398257e-10,9.181185230164822e-5,0.024157949409105418,0.7802217477835363,0.05790067917654716,0.06746818091133867,0.07015963086717088,0.009873937004111624,2.598074917627442,83.90921426219319,6.2269483114937625,7.255888552263946,1.9417545349398258e-8,0.009181185230164823,2.415794940910542,78.02217477835363,5.790067917654716,6.746818091133868,7.015963086717088,0.5000000000171778,0.5,0.5,0.5,0.5,0.999999998713276,3.410188158700208,3.5319297211351834,3,0.31664449382358784
50,100,100,0.47,0.26,0.20999999999999996,10,35,29,16,5,5,1,32,20,8,15,24,2.3263478740408408,0.4399131656732339,-0.0752698620998299,-0.27931903444745404,-0.7063025628400875,1.2815515655446008,0.12566134685507413,-0.6433454053929168,-1.2815515655446008,-1.6448536269514726,TRUE,0.9740527544935347,0.7623590739147287,50,0.19588131733810535,0.0886827482144807,0.012433147617121163,0.39055111701242484,0.28563451622662545,0.13990705524616268,0.11658382228607682,0.05489034161158912,1,0,0,0,0,0,1,1,0,0,0,0,0,-315.6770132211411,0,158,NA,200,100,100,7,645.3540264422822,668.4422480081186,15,0,0.44626877308169555,0.2837670768877784,0.10001329013195924,0.3559159706375278,0.2603036623427346,0.1274997130923378,0.1062448485283989,0.050022515267041726,0.009997726283220345,0.31404944972416254,0.22968405091092164,0.11250187695964925,0.09374722959636853,0.24001966652567777,10.001329013195924,35.59159706375278,26.030366234273462,12.749971309233779,10.62448485283989,5.002251526704173,0.9997726283220345,31.404944972416253,22.968405091092166,11.250187695964925,9.374722959636852,24.001966652567777,0.9433548186319597,0.5,0.5,0.5,0.5,0.9080526403805115,8.863930301601513,9.122316988743306,3,0.027708053659304288
51,100,100,0.66,0.47,0.19000000000000006,4,14,35,24,14,9,2,4,28,16,24,26,2.053748910631822,1.5547735945968528,0.41246312944140484,0,-0.6433454053929168,1.7506860712521695,0.9153650878428139,-0.0752698620998299,-0.7388468491852137,-1.3407550336902165,TRUE,0.8879212366034857,0.5847506343531468,51,0.1854778613491495,0.015820427255115704,0.024551961340136253,0.1000521185496449,0.3502927563996994,0.2224040911893266,0.2112687788313697,0.09143029368982314,1,0,0,0,0,0,1,1,0,0,0,0,0,-320.29120578652527,0,146,NA,200,100,100,7,654.5824115730505,677.6706331388868,24,0,0.6131860132669695,0.5167958073076061,0.03998396607689992,0.09846925128641003,0.344750975329084,0.21888556344342575,0.2079264164845909,0.08998382737958943,0.019998116058840783,0.0814946655776052,0.2853212050965846,0.1811530560002291,0.1720830975638808,0.2599498597028596,3.998396607689992,9.846925128641002,34.4750975329084,21.888556344342575,20.79264164845909,8.998382737958943,1.9998116058840782,8.149466557760519,28.53212050965846,18.11530560002291,17.20830975638808,25.99498597028596,0.6978346423249856,0.5,0.5,0.5,0.5,0.8567569945241812,9.232561913968091,9.519732204741697,3,0.023122366793013382
52,100,100,0.62,0.32,0.3,10,17,41,9,9,14,0,7,31,8,16,38,Inf,1.4757910281791708,0.3054807880993974,0.1004337205114699,-0.3054807880993974,1.2815515655446008,0.612812991016627,-0.4676987991145081,-0.7388468491852137,-1.080319340814956,FALSE,NA,NA,52,0.2657669788358968,0.1000310153471004,2.8653247053858497e-22,0.1468739373529855,0.440603617714436,0.10400802418271285,0.15296190504067053,0.15555251570919515,1,0,0,0,0,0,1,1,0,0,0,0,0,-304.9462786847873,0,164,NA,200,100,100,7,623.8925573695745,646.9807789354109,25,0,0.5686545798767464,0.37125740591250433,0.1000310153471004,0.13218198827153996,0.3965295904688553,0.0936039959194703,0.1376609703700255,0.13999243962300856,2.1038160150515966e-22,0.10783969475294979,0.323505725370304,0.07636612582098237,0.1123096816610282,0.37997877239473576,10.00310153471004,13.218198827153996,39.65295904688553,9.36039959194703,13.76609703700255,13.999243962300856,2.1038160150515965e-20,10.78396947529498,32.350572537030395,7.636612582098238,11.23096816610282,37.997877239473574,1,0.5,0.5,0.5,0.5,0.8497129289104187,6.21826112983828,6.3124386978238,3,0.09736030934238882
53,100,100,0.57,0.34,0.22999999999999993,4,29,33,27,6,1,0,9,34,26,12,19,Inf,1.3407550336902165,0.17637416478086118,-0.4958503473474532,-0.8778962950512285,1.7506860712521695,0.4399131656732339,-0.4124631294414046,-1.4757910281791702,-2.3263478740408408,FALSE,NA,NA,53,0.18147291695766654,0.039973214978059037,3.1356874765831975e-58,0.21363585767462662,0.376761234483446,0.297970644790971,0.10122149266127613,0.010410770389680302,1,0,0,0,0,0,1,1,0,0,0,0,0,-298.5861756614684,0,175,NA,200,100,100,7,611.1723513229368,634.2605728887731,39,0,0.5167439903191772,0.3932297627511239,0.039973214978059037,0.20509614560877673,0.3617008766620403,0.28605980014959065,0.09717534417472691,0.0099946184268064,2.56664512354002e-58,0.17486673541565922,0.30838927426516366,0.24389704271299678,0.08285253312922532,0.18999441447695506,3.9973214978059035,20.509614560877672,36.17008766620403,28.605980014959066,9.717534417472692,0.99946184268064,2.5666451235400202e-56,17.48667354156592,30.838927426516367,24.389704271299678,8.285253312922531,18.999441447695506,1,0.5,0.5,0.5,0.5,0.9775743472702927,11.519592912028553,12.03361225393778,3,0.0072689015738383045
54,100,100,0.58,0.31,0.26999999999999996,2,20,47,21,10,0,0,10,32,18,19,21,Inf,1.2815515655446008,0.20189347914185077,-0.2533471031357998,-0.8064212470182404,2.053748910631822,0.7721932141886849,-0.4958503473474532,-1.2815515655446008,-Inf,NA,NA,NA,54,0.2104639372292667,0.019798181409731556,9.17264657632706e-6,0.16969692614194876,0.44558862203664834,0.22068380263154905,0.1640214718762183,4.667059183560696e-9,1,0,0,0,0,0,1,1,0,0,0,0,0,-289.6263769065167,0,398,NA,200,100,100,7,593.2527538130335,616.3409753788698,37,0,0.514202628676075,0.3770888142684419,0.019807172454586956,0.16633723561351663,0.43676677766345445,0.21631466467286026,0.16077414502092174,4.574659899194608e-9,7.242135263060714e-6,0.13398184293041016,0.3518082862582517,0.1742378206469868,0.12950086711500997,0.21046394091407825,1.9807172454586957,16.633723561351662,43.67667776634544,21.631466467286025,16.077414502092175,4.5746598991946076e-7,7.242135263060713e-4,13.398184293041016,35.18082862582517,17.42378206469868,12.950086711500997,21.046394091407823,0.999773035629492,0.5,0.5,0.5,0.5,0.9999999912459789,7.245044834372613,7.292884403240318,3,0.06312588899775662
55,100,100,0.61,0.33,0.27999999999999997,19,9,39,22,6,5,4,7,28,25,11,25,1.7506860712521695,1.2265281200366105,0.27931903444745404,-0.35845879325119373,-0.6744897501960817,0.8778962950512288,0.5828415072712162,-0.4399131656732338,-1.2265281200366105,-1.6448536269514726,TRUE,0.9320874489264174,0.7896931476714719,55,0.20328601603352192,0.1472143258371568,0.05020307496142062,0.09699621381126362,0.40617096366655814,0.2849273862370328,0.10305550198015156,0.05864685934357339,1,0,0,0,0,0,1,1,0,0,0,0,0,-317.63563041661916,0,136,NA,200,100,100,7,649.2712608332383,672.3594823990746,46,0,0.5591221815705956,0.38087945037478127,0.19002678896317962,0.08271698158628174,0.3463767790757575,0.24298199315960484,0.08788425573233377,0.050013201482842676,0.03999749185988116,0.07727823993523616,0.32360208663428713,0.22700563303006185,0.08210575955227183,0.25001078898826196,19.002678896317963,8.271698158628174,34.63767790757575,24.298199315960485,8.788425573233377,5.001320148284267,3.999749185988116,7.727823993523616,32.360208663428715,22.700563303006184,8.210575955227183,25.001078898826197,0.8873515061754836,0.5,0.5,0.5,0.5,0.9065544868206993,3.5522445982064146,3.5789071732635147,3,0.3106714024733146
56,100,100,0.57,0.18,0.38999999999999996,15,12,55,12,4,2,4,5,34,12,22,23,1.7506860712521695,1.3407550336902165,0.17637416478086118,-0.125661346855074,-0.7388468491852137,1.0364333894937894,0.612812991016627,-0.9153650878428141,-1.554773594596853,-2.0537489106318225,TRUE,0.766034756693434,0.9210764311056195,56,0.21243124856458429,0.10451859022564354,0.05078663322402959,0.10100267008099856,0.5288403668975786,0.14258011202625814,0.15444841067207912,0.022341807099055977,1,0,0,0,0,0,1,1,0,0,0,0,0,-300.538608552204,0,139,NA,200,100,100,7,615.077217104408,638.1654386702443,6,0,0.46395734044863424,0.28599019316707086,0.14999707614279073,0.0904460133951068,0.4735667172950316,0.12767783972305932,0.13830568052604217,0.02000667291796937,0.03999796531785739,0.07954654676733525,0.41649814746617314,0.11229164080804183,0.12163874195419369,0.23002695768639872,14.999707614279073,9.04460133951068,47.356671729503155,12.767783972305931,13.830568052604217,2.000667291796937,3.999796531785739,7.954654676733525,41.64981474661732,11.229164080804182,12.16387419541937,23.00269576863987,0.8484020919386001,0.5,0.5,0.5,0.5,0.9617529412665555,19.742176942364964,21.049373081450398,3,1.0281965023806183e-4
57,100,100,0.66,0.42,0.24000000000000005,4,39,15,0,2,40,1,27,6,0,2,64,2.3263478740408408,0.5828415072712162,0.41246312944140484,0.41246312944140484,0.35845879325119373,1.7506860712521695,0.17637416478086118,-0.2018934791418509,-0.2018934791418509,-0.2533471031357998,TRUE,0.9861310137404237,0.5680521694997847,57,0.39008556010083234,0.02399742982593242,0.016394566283984495,0.41618255940062066,0.13240196408458704,7.872429400056293e-35,0.025229092745482243,0.40979181748532556,1,0,0,0,0,0,1,1,0,0,0,0,0,-216.3991417337163,0,163,NA,200,100,100,7,446.7982834674326,469.88650503326886,2,-2.842170943040401e-14,0.6554110949086815,0.42458152646473074,0.0399985686559904,0.4061952476366273,0.12922465724265153,7.683511327968835e-35,0.024623659362750593,0.39995786710198017,0.009999282712486181,0.2538357526126316,0.08075386976620061,4.8015083681810737e-35,0.015387587971024954,0.6400235069376565,3.99985686559904,40.61952476366273,12.922465724265153,7.683511327968835e-33,2.4623659362750594,39.99578671019802,0.9999282712486182,25.383575261263157,8.075386976620061,4.801508368181074e-33,1.5387587971024954,64.00235069376565,0.7999786071387137,0.5,0.5,0.5,0.5,0.8047431507377665,1.2599633515609878,1.2887512309367868,3,0.7318059256172706
58,100,100,0.44,0.26,0.18,0,15,59,23,1,2,0,5,51,25,11,8,Inf,1.6448536269514715,-0.15096921549677725,-0.8778962950512285,-1.4050715603096322,Inf,1.0364333894937894,-0.6433454053929168,-1.8807936081512509,-2.0537489106318225,FALSE,NA,NA,58,0.06123696538974944,9.676720456871896e-17,6.464083839161209e-11,0.10317742047305821,0.5673638743111696,0.24756455633156896,0.06189036385016783,0.02000378496939459,1,0,0,0,0,0,1,1,0,0,0,0,0,-242.01140887562948,0,136,NA,200,100,100,7,498.02281775125897,521.1110393170952,45,0,0.3705206192161893,0.32945870515113135,6.464093515881665e-11,0.1031774204730582,0.5673638743111695,0.24756455633156893,0.06189036385016782,0.020003784969394586,6.068242960826056e-11,0.09685914834654592,0.5326202323765824,0.23240445416376398,0.0581003857811161,0.08001577927130922,6.464093515881665e-9,10.317742047305819,56.73638743111695,24.756455633156893,6.189036385016782,2.0003784969394585,6.068242960826056e-9,9.685914834654593,53.26202323765824,23.2404454163764,5.81003857811161,8.001577927130922,0.50000074849787,0.5,0.5,0.5,0.5,0.8826555583625167,13.82271189638636,15.460135999018071,3,0.001462808477562083
59,100,100,0.55,0.27,0.28,3,30,40,18,7,2,2,17,26,20,6,29,2.053748910631822,0.8778962950512288,0.12566134685507413,-0.3853204664075676,-0.5533847195556729,1.8807936081512504,0.4399131656732339,-0.612812991016627,-1.3407550336902165,-2.0537489106318225,TRUE,0.6845635832424976,0.6546386524548478,59,0.2754623174652963,0.0024762647215071346,0.027604327042918618,0.27291961158863387,0.3832595668600073,0.22066254959369075,0.07548798296346876,0.020065961951280853,1,0,0,0,0,0,1,1,0,0,0,0,0,-299.8737081814114,0,141,NA,200,100,100,7,613.7474163628228,636.8356379286591,24,0,0.5045730835756895,0.31543345875873047,0.03001223614320843,0.2722437903826495,0.3823105147154118,0.22011613070677408,0.0753010547343586,0.020016273317597793,0.020000375143606305,0.19774054289870022,0.277685998382004,0.1598783323048118,0.054693888235570844,0.29000086303530687,3.001223614320843,27.22437903826495,38.23105147154118,22.01161307067741,7.530105473435859,2.0016273317597792,2.0000375143606304,19.774054289870023,27.768599838200398,15.98783323048118,5.469388823557084,29.000086303530686,0.5412542522604984,0.5,0.5,0.5,0.5,0.9749336167178224,2.6934135568032653,2.6783541310952583,3,0.44391832507317563
60,100,100,0.58,0.17,0.4099999999999999,1,37,45,12,4,1,1,13,28,12,19,27,2.3263478740408408,1.080319340814956,0.20189347914185077,-0.10043372051146975,-0.612812991016627,2.3263478740408408,0.3054807880993974,-0.9541652531461942,-1.6448536269514726,-2.3263478740408408,TRUE,0.6281564613868655,0.8672029508790334,60,0.2626118644206956,2.230738433383896e-41,0.011517453711009313,0.28777154422041673,0.42019150215040374,0.13814153290920575,0.13237044046418073,0.010007526544783651,1,0,0,0,0,0,1,1,0,0,0,0,0,-290.71444557474626,0,180,NA,200,100,100,7,595.4288911494925,618.5171127153288,9,0,0.4694636154589939,0.28051949991817016,0.011517453711009313,0.28777154422041673,0.42019150215040374,0.13814153290920575,0.13237044046418073,0.010007526544783651,0.008492833718582097,0.21219932246547044,0.30984422835695347,0.10186392739798635,0.09760839229969354,0.26999129576131403,1.1517453711009313,28.777154422041672,42.019150215040376,13.814153290920576,13.237044046418072,1.0007526544783651,0.8492833718582097,21.219932246547042,30.984422835695348,10.186392739798634,9.760839229969353,26.999129576131402,0.5,0.5,0.5,0.5,0.5,0.9863339458410871,21.83169874140148,22.690248284410348,3,4.6853849405059655e-5
61,100,100,0.48,0.13,0.35,8,14,65,8,1,4,2,5,45,8,3,37,2.053748910631822,1.4757910281791708,-0.050153583464733656,-0.2533471031357998,-0.3318533464368165,1.4050715603096327,0.7721932141886849,-1.1263911290388005,-1.6448536269514726,-1.7506860712521695,TRUE,0.7563404083148705,0.93351031709363,61,0.3422812508541878,0.051147609121539137,0.030394793740410268,0.11827934297123445,0.6846769648183328,0.09959526919165992,0.02489215044674034,0.042161478831622134,1,0,0,0,0,0,1,1,0,0,0,0,0,-241.77834726896856,0,138,NA,200,100,100,7,497.5566945379371,520.6449161037734,16,2.842170943040401e-14,0.4518893559024184,0.15812520575054262,0.0799877818323851,0.11222963736978928,0.6496573750472829,0.09450120929269043,0.02361897646549592,0.040005019992356276,0.019991225719487603,0.077794541508828835,0.45032487686926514,0.06550567587357901,0.016372034055379427,0.37001164597346,7.99877818323851,11.222963736978928,64.9657375047283,9.450120929269042,2.361897646549592,4.000501999235627,1.9991225719487602,7.779454150882883,45.032487686926515,6.550567587357901,1.6372034055379427,37.001164597346,0.8197213871283446,0.5,0.5,0.5,0.5,0.9625276725462024,4.143148399215136,4.222310541542737,3,0.2384376479464183
62,100,100,0.85,0.02,0.83,20,66,12,0,1,1,1,8,6,8,24,53,2.3263478740408408,1.3407550336902165,1.0364333894937894,0.7388468491852137,0.0752698620998299,0.8416212335729144,-1.080319340814956,-2.0537489106318225,-2.0537489106318225,-2.3263478740408408,TRUE,0.5942253870972168,1.896529586500247,62,0.5241962754527446,0.1828105136852285,0.021026431745195202,0.5723240499966893,0.13919148562628178,0.061851243827711955,0.19336571937126273,0.012241069432858964,1,0,0,0,0,0,1,1,0,0,0,0,0,-265.2943173824363,0,158,NA,200,100,100,7,544.5886347648726,567.6768563307089,40,0,0.6514538035390525,0.21856389229716752,0.19999309264211718,0.4676971964223841,0.11374581863833111,0.05054418617149761,0.15801643288388845,0.010003273241781468,0.010004454538302525,0.27231391463639437,0.06622782728625064,0.02942905218110579,0.09200412947660618,0.5300206218813405,19.999309264211718,46.769719642238414,11.37458186383311,5.054418617149762,15.801643288388846,1.0003273241781467,1.0004454538302525,27.231391463639437,6.622782728625063,2.942905218110579,9.200412947660617,53.00206218813405,0.957042068978761,0.5,0.5,0.5,0.5,0.9945055473427411,67.94282588978558,82.46280651191364,3,0
63,100,100,0.82,0.33,0.48999999999999994,0,3,64,30,2,1,0,1,17,33,23,26,Inf,2.3263478740408408,0.9153650878428139,-0.025068908258711057,-0.6433454053929168,Inf,1.8807936081512504,-0.4399131656732338,-1.8807936081512509,-2.3263478740408408,FALSE,NA,NA,63,0.2525667217087965,1.3572251820895246e-12,9.375950611608805e-28,0.022894015574964188,0.4635231058991336,0.36050150964245226,0.1430862269108052,0.009995141972644839,1,0,0,0,0,0,1,1,0,0,0,0,0,-251.44034957662274,0,1161,NA,200,100,100,7,516.8806991532455,539.9689207190818,42,0,0.6364356562796446,0.5135828785252052,1.3572251820895256e-12,0.022894015574933115,0.4635231058985045,0.360501509641963,0.143086226910611,0.009995141972631273,7.007897502731183e-28,0.017111749114445355,0.3464525946059101,0.26945082518098595,0.10694740765826213,0.26003742344039643,1.3572251820895256e-10,2.2894015574933113,46.35231058985045,36.0501509641963,14.308622691061098,0.9995141972631273,7.007897502731183e-26,1.7111749114445356,34.645259460591014,26.945082518098594,10.694740765826213,26.003742344039644,0.9999999999999996,0.5,0.5,0.5,0.5,0.9856353334978488,43.34454571388546,47.33827144658169,3,2.9449032101780404e-10
64,100,100,0.69,0.35,0.33999999999999997,8,19,38,18,6,11,3,7,21,11,4,54,1.8807936081512504,1.2815515655446008,0.49585034734745304,0.20189347914185077,0.1004337205114699,1.4050715603096327,0.612812991016627,-0.3853204664075676,-0.9541652531461942,-1.2265281200366105,TRUE,0.6913918677320954,0.867898970613643,64,0.4816160930351055,0.023506986639984764,0.057843478751253695,0.17391578758349208,0.39469348305042073,0.19400699431316626,0.06688573769138384,0.11265451861028342,1,0,0,0,0,0,1,1,0,0,0,0,0,-293.3909606277448,0,140,NA,200,100,100,7,600.7819212554896,623.8701428213259,24,0,0.6752569762448175,0.36476628038522757,0.0799907395090225,0.16982755148828452,0.38541542861746547,0.18944647448978305,0.06531345554906695,0.11000635034637757,0.02998512850751575,0.09015514545040731,0.20460274979725948,0.1005701036905752,0.03467249002468866,0.5400143825295536,7.9990739509022495,16.982755148828453,38.54154286174655,18.944647448978305,6.531345554906695,11.000635034637757,2.9985128507515753,9.015514545040732,20.46027497972595,10.05701036905752,3.4672490024688662,54.00143825295536,0.6469356752060863,0.5,0.5,0.5,0.5,0.9459289498726898,0.9726570880821037,0.9970199138548935,3,0.8019730499704012
65,100,100,0.54,0.19,0.35000000000000003,2,17,62,19,0,0,1,1,44,23,9,22,2.3263478740408408,2.053748910631822,0.1004337205114699,-0.4958503473474532,-0.7721932141886849,2.053748910631822,0.8778962950512288,-0.8778962950512285,-Inf,-Inf,FALSE,NA,NA,65,0.22027750245749889,0.007240978510296685,0.01248057217969751,0.1019970908586605,0.5965309968132523,0.23893368151048996,0.0500576518488449,6.789054762812441e-9,1,0,0,0,0,0,1,1,0,0,0,0,0,-248.57774723880328,0,606,NA,200,100,100,7,511.15549447760657,534.2437160434429,43,0,0.4456105519661557,0.2868987600647133,0.019631179135044797,0.10125853211564016,0.5922115286846017,0.23720356785728644,0.049695185467531496,6.739895363169688e-9,0.0097313829107132,0.07952942642638418,0.46512863869674687,0.18630196689438375,0.03903107732069434,0.22027750775107763,1.9631179135044796,10.125853211564015,59.221152868460166,23.720356785728644,4.969518546753149,6.739895363169688e-7,0.97313829107132,7.952942642638418,46.51286386967469,18.630196689438375,3.9031077320694343,22.027750775107762,0.684425460653313,0.5,0.5,0.5,0.5,0.9999999879842958,19.633072315335955,30.639939513803004,3,1.0121461615497651e-6
66,100,100,0.61,0.25,0.36,14,23,38,11,5,9,9,4,26,9,6,46,1.3407550336902165,1.1263911290388005,0.27931903444745404,0.050153583464733656,-0.10043372051146975,1.080319340814956,0.3318533464368165,-0.6744897501960817,-1.080319340814956,-1.3407550336902165,TRUE,0.6348662302741181,0.752982687219803,66,0.4065046971888282,3.4333796609330913e-9,0.14432823727186778,0.16941142496185246,0.4016452516271552,0.12552038261730153,0.06907438708176616,0.09002031644005692,1,0,0,0,0,0,1,1,0,0,0,0,0,-307.31058147973476,0,762,NA,200,100,100,7,628.6211629594695,651.7093845253058,1,0,0.5754224139215958,0.28461508516193296,0.1443282402097138,0.1694114243801987,0.40164525024815456,0.1255203821863424,0.06907438684460757,0.09002031613098299,0.08565813088386982,0.10054488495740674,0.23837457023712777,0.07449575749042951,0.0409953242775889,0.4599313321535773,14.43282402097138,16.94114243801987,40.164525024815454,12.55203821863424,6.9074386844607565,9.0020316130983,8.565813088386982,10.054488495740674,23.837457023712776,7.4495757490429515,4.0995324277588905,45.99313321535773,0.5000000118943446,0.5,0.5,0.5,0.5,0.9419189004643532,8.082874903512254,8.881675141276977,3,0.030906157284945723
67,100,100,0.62,0.28,0.33999999999999997,1,22,49,19,7,2,0,8,30,20,27,15,Inf,1.4050715603096327,0.3054807880993974,-0.2018934791418509,-1.0364333894937894,2.3263478740408408,0.7388468491852137,-0.5828415072712162,-1.3407550336902165,-2.0537489106318225,FALSE,NA,NA,67,0.1324845803108011,0.010004184906796061,0,0.16152094924814403,0.4252747740950636,0.20995905935594977,0.1830427120976256,0.02020250520321698,1,0,0,0,0,0,1,1,0,0,0,0,0,-294.7864217126827,0,210,NA,200,100,100,7,603.5728434253654,626.6610649912017,16,0,0.49094566179209015,0.4090705046688389,0.010004184906796061,0.15990506380554437,0.42102024661882065,0.20785859010329588,0.18121151895995952,0.020000395605583487,0,0.14012191407560146,0.3689324241323083,0.18214272149472618,0.15879237520642087,0.1500105650909431,1.000418490679606,15.990506380554436,42.10202466188206,20.785859010329588,18.12115189599595,2.0000395605583488,0,14.012191407560145,36.89324241323083,18.214272149472617,15.879237520642086,15.00105650909431,1,0.5,0.5,0.5,0.5,0.9415841651902419,22.198149065551807,23.20193351614142,3,3.665231755101139e-5
68,100,100,0.52,0.32,0.2,19,22,27,16,11,5,12,15,21,15,16,21,1.17498679206609,0.612812991016627,0.050153583464733656,-0.3318533464368165,-0.8064212470182404,0.8778962950512288,0.2275449766411493,-0.4676987991145081,-0.9944578832097528,-1.6448536269514726,TRUE,0.7838576018141659,0.4537247757515939,68,0.16592148605639523,0.05390411769107459,0.14384870946651349,0.20781176646968844,0.2696358339513456,0.17415884112750213,0.1516542228662861,0.05289062611866435,1,0,0,0,0,0,1,1,0,0,0,0,0,-347.2624916387712,0,134,NA,200,100,100,7,708.5249832775424,731.6132048433788,27,5.684341886080802e-14,0.4817900971303491,0.3582900018305867,0.18999878939279594,0.19660985655231625,0.2551013522243012,0.1647709624584241,0.14347943578855335,0.050039603583609246,0.11998111782453492,0.17333132935703316,0.22489745568808292,0.14526214739776733,0.12649152884158416,0.2100364208909976,18.999878939279593,19.660985655231624,25.51013522243012,16.47709624584241,14.347943578855334,5.003960358360924,11.998111782453492,17.333132935703315,22.489745568808292,14.526214739776734,12.649152884158415,21.00364208909976,0.6418538451306534,0.5,0.5,0.5,0.5,0.8949826543238025,2.4761547490524283,2.4810585816936146,3,0.4787239495850679
69,100,100,0.6,0.45,0.14999999999999997,28,15,12,12,21,12,9,25,6,18,17,25,1.3407550336902165,0.41246312944140484,0.2533471031357998,-0.2018934791418509,-0.6744897501960817,0.5828415072712162,0.17637416478086118,-0.125661346855074,-0.4399131656732338,-1.17498679206609,TRUE,1.0890209324244107,0.4397775945422699,69,0.11801563353882216,0.19815045750569246,0.10205558435171398,0.23753772541800328,0.10690670003621425,0.17814407131532076,0.22570539928103225,0.14965051959771547,1,0,0,0,0,0,1,1,0,0,0,0,0,-345.014083389437,0,130,NA,200,100,100,7,704.028166778874,727.1163883447103,27,0,0.6061939717264058,0.44382371390771747,0.27998368112710353,0.19046951645156437,0.08572308851361456,0.14284474208226325,0.1809817711519907,0.11999720067346355,0.09001142990827175,0.20950456026342684,0.0942900381018956,0.15712028587785806,0.19906863359174842,0.2500050522567993,27.998368112710352,19.046951645156437,8.572308851361456,14.284474208226325,18.09817711519907,11.999720067346354,9.001142990827175,20.950456026342685,9.42900381018956,15.712028587785806,19.906863359174842,25.00050522567993,0.8538607262895057,0.5,0.5,0.5,0.5,0.736026497211743,5.848465327401151,5.909647647416896,3,0.11608977017169808
70,100,100,0.63,0.45,0.18,3,5,47,22,10,13,1,2,34,11,24,28,2.3263478740408408,1.8807936081512504,0.3318533464368165,0.050153583464733656,-0.5828415072712162,1.8807936081512504,1.4050715603096327,-0.125661346855074,-0.7388468491852137,-1.1263911290388005,TRUE,0.9359907324029296,0.558846175327744,70,0.17011206864517303,0.018164246811774327,0.0120450409614505,0.038645707803470375,0.44713546404261906,0.18213388895773736,0.18762804303174788,0.13241185520297494,1,0,0,0,0,0,1,1,0,0,0,0,0,-293.1313848851635,0,154,NA,200,100,100,7,600.262769770327,623.3509913361634,48,0,0.5868600340789429,0.4930521785794929,0.02999049867634311,0.03794373762871243,0.4390135851154517,0.17882556404592073,0.184219920949309,0.13000669358426317,0.009996034126582311,0.03207160650476512,0.37107232528970974,0.15115071633674643,0.1557102484957717,0.2799990692464248,2.999049867634311,3.794373762871243,43.90135851154517,17.882556404592073,18.4219920949309,13.000669358426316,0.9996034126582312,3.207160650476512,37.107232528970975,15.115071633674642,15.571024849577169,27.99990692464248,0.8028333574543479,0.5,0.5,0.5,0.5,0.803772560928513,11.797804265134664,12.00971271804816,3,0.0073499627861067784
71,100,100,0.43,0.29,0.14,10,31,30,8,14,7,7,18,32,10,10,23,1.4757910281791708,0.6744897501960817,-0.17637416478086135,-0.4399131656732338,-0.7388468491852137,1.2815515655446008,0.2275449766411493,-0.5533847195556729,-0.8064212470182404,-1.4757910281791702,TRUE,0.8484910021701825,0.38413405942280027,71,0.17099470955581003,0.016981161618706837,0.08443733600264372,0.2704267848976329,0.34217285574271744,0.09931144614161806,0.13246728658191145,0.07118429063347653,1,0,0,0,0,0,1,1,0,0,0,0,0,-329.2661332657141,0,140,NA,200,100,100,7,672.5322665314281,695.6204880972645,37,0,0.4221526587277347,0.2978183592928887,0.09998465357203662,0.2658346239572589,0.33636236317781587,0.09762502242409975,0.13021783817927246,0.06997549868951647,0.06999899825720532,0.22418523535795065,0.2836631076571094,0.08232971425306462,0.10981608138719126,0.23000686308747886,9.998465357203662,26.58346239572589,33.63623631778159,9.762502242409974,13.021783817927247,6.997549868951647,6.999899825720532,22.418523535795064,28.36631076571094,8.232971425306463,10.981608138719126,23.000686308747888,0.5849188401021578,0.5,0.5,0.5,0.5,0.8717165376295214,3.3218621814129086,3.3417163594813704,3,0.3418785798906093
72,100,100,0.68,0.34,0.34,11,32,23,11,12,11,3,13,16,9,18,41,1.8807936081512504,0.9944578832097528,0.46769879911450835,0.2275449766411493,-0.22754497664114945,1.2265281200366105,0.17637416478086118,-0.4124631294414046,-0.7388468491852137,-1.2265281200366105,TRUE,0.8559541184329287,0.835490123108909,72,0.3310113041322108,0.06820395159099336,0.04482614328335543,0.2811261401640115,0.24361562241324033,0.12493602964018492,0.1874300500413212,0.11806601445788667,1,0,0,0,0,0,1,1,0,0,0,0,0,-327.6663174609181,0,136,NA,200,100,100,7,669.3326349218362,692.4208564876725,4,-5.684341886080802e-14,0.6189655094501647,0.40107492442749976,0.10997277476783988,0.26195222650930244,0.22700007429535798,0.11641489872263484,0.1746465799816055,0.11001344572325944,0.029988183135914608,0.18807020988266737,0.16297609753125342,0.08358079153588677,0.12538858474357795,0.40999613317069994,10.997277476783989,26.195222650930244,22.7000074295358,11.641489872263485,17.464657998160547,11.001344572325944,2.998818313591461,18.807020988266736,16.297609753125343,8.358079153588676,12.538858474357795,40.99961331706999,0.8100947108726528,0.5,0.5,0.5,0.5,0.9036761292994876,7.261809208639102,7.322771121876146,3,0.062291419098488565
73,100,100,0.69,0.53,0.15999999999999992,0,24,23,46,7,0,1,7,23,32,15,22,2.3263478740408408,1.4050715603096327,0.49585034734745304,-0.3318533464368165,-0.7721932141886849,Inf,0.7063025628400875,0.0752698620998299,-1.4757910281791702,-Inf,NA,NA,NA,73,0.21918528942342796,9.610602799754858e-19,0.003775342832683779,0.17233362697801932,0.26078399650027567,0.4424920990500625,0.12061492849174832,6.147210518392399e-9,1,0,0,0,0,0,1,1,0,0,0,0,0,-284.7344526301989,0,1230,NA,200,100,100,7,583.4689052603978,606.5571268262341,6,0,0.6588675449569531,0.5631070336890214,0.0037753428326837797,0.17233362697801932,0.26078399650027567,0.4424920990500625,0.12061492849174832,6.147210518392399e-9,0.0029478432212293204,0.13456063107145308,0.20362398075036453,0.3455043402521944,0.0941779104814984,0.21918529422326036,0.37753428326837796,17.233362697801933,26.078399650027567,44.249209905006246,12.061492849174831,6.147210518392399e-7,0.29478432212293204,13.456063107145308,20.362398075036452,34.55043402521944,9.41779104814984,21.918529422326035,0.5000000000000001,0.5,0.5,0.5,0.5,0.9999999890507427,13.837180529330073,14.187846997904632,3,0.0026602972851262896
